LON,LAT,KM_GRID,00:00,01:00,02:00,03:00,04:00,05:00,06:00,07:00,08:00,09:00,10:00,11:00,12:00,13:00,14:00,15:00,16:00,17:00,18:00,19:00,20:00,21:00,22:00,23:00
116.3900319,39.85788006,132262,289,288,290,293,295,304,332,350,407,470,503,525,536,549,554,564,546,511,478,433,404,360,341,327
116.3929545,39.85789539,132263,271,271,272,271,273,281,359,457,640,884,1139,1246,1329,1360,1370,1258,1102,876,699,577,462,342,297,280
116.4017222,39.85794094,132266,1524,1540,1544,1546,1545,1551,1557,1571,1579,1552,1509,1480,1466,1482,1439,1452,1433,1430,1495,1492,1518,1541,1532,1513
116.4046448,39.85795598,132267,413,417,423,423,427,434,439,452,475,493,520,550,549,547,558,554,540,510,483,438,440,434,425,430
116.390012,39.86013244,132979,465,458,455,466,469,480,516,543,661,736,820,875,932,978,1016,963,905,805,710,630,573,513,494,481
116.3929346,39.86014777,132980,949,934,931,932,941,991,1265,1603,2731,4055,5360,6244,6790,7211,7360,6955,6055,4867,3706,2763,1969,1191,1049,975
116.3958573,39.86016303,132981,347,343,345,344,343,344,360,375,399,431,451,456,470,481,470,484,491,461,447,421,397,372,364,362
116.39878,39.86017821,132982,1348,1360,1362,1363,1362,1367,1376,1366,1338,1284,1236,1197,1199,1186,1186,1180,1207,1242,1275,1320,1356,1384,1382,1381
116.4017026,39.86019332,132983,986,987,991,990,992,995,1004,985,966,933,882,875,880,855,852,847,864,900,923,950,966,997,989,984
116.4046253,39.86020836,132984,555,553,557,558,560,562,571,565,554,532,529,515,530,512,508,506,523,523,535,553,555,545,552,561
116.3870693,39.8623694,133695,932,936,944,949,945,957,967,970,962,934,939,931,943,958,950,929,929,937,948,959,976,973,975,959
116.389992,39.86238481,133696,924,922,923,929,930,941,952,967,977,1018,1024,1031,1038,1044,1017,1005,1010,1001,970,948,938,937,921,915
116.3929148,39.86240015,133697,729,719,718,720,723,732,771,802,869,921,967,1015,1021,1051,1058,1016,994,960,872,820,797,769,769,747
116.3958375,39.86241541,133698,262,259,257,259,260,261,264,275,284,289,276,288,308,299,298,298,306,293,288,284,267,254,241,239
116.3987603,39.86243059,133699,262,261,263,266,267,267,272,285,287,280,273,289,303,298,297,299,312,297,283,285,274,284,281,281
116.4016831,39.86244571,133700,862,861,863,864,867,874,877,883,908,865,860,846,842,836,838,811,818,837,846,857,863,869,864,864
116.4046058,39.86246074,133701,999,995,1000,1003,1001,1000,1004,1007,1009,980,968,954,939,957,939,970,968,977,992,1014,1013,1023,1019,1007
116.4075286,39.86247571,133702,1034,1022,1009,988,991,990,985,1000,971,931,896,882,879,864,854,864,893,918,924,963,1012,1014,1021,1020
116.3753578,39.86455941,134408,270,217,220,225,234,302,494,690,845,941,984,1039,1179,1260,1431,1456,1397,1349,1233,976,833,645,503,560
116.3841264,39.8646063,134411,756,769,773,779,778,782,795,791,777,741,727,704,721,717,701,701,726,732,733,736,768,771,785,773
116.3870492,39.86462178,134412,508,509,509,510,511,518,531,558,614,632,622,627,634,624,603,588,585,573,543,532,546,575,557,545
116.3899721,39.86463719,134413,580,583,582,586,588,589,603,618,665,677,701,718,737,728,719,724,706,677,646,634,619,608,597,597
116.3928949,39.86465252,134414,362,360,363,366,368,372,387,396,427,462,461,471,482,482,477,474,463,460,455,425,417,419,404,395
116.3958178,39.86466778,134415,576,574,577,584,583,584,603,609,613,632,641,652,647,658,646,631,647,661,670,642,627,621,602,594
116.3987406,39.86468297,134416,517,516,518,521,517,520,525,530,548,531,523,527,506,511,509,500,515,509,518,512,523,528,521,513
116.4016635,39.86469809,134417,760,762,771,770,777,787,807,825,827,832,819,824,819,815,803,793,796,794,817,816,830,837,834,818
116.4045864,39.86471313,134418,332,336,336,337,340,341,339,346,346,352,360,351,358,356,341,343,347,358,356,347,340,343,334,326
116.4075092,39.86472809,134419,545,547,547,548,546,548,552,559,561,549,526,537,535,521,512,519,534,550,573,613,615,606,597,586
116.3753374,39.86681178,135125,534,459,460,452,470,564,799,1181,1462,1592,1678,1811,2125,2370,2466,2474,2426,2453,2189,1795,1613,1226,1038,1109
116.3782603,39.86682748,135126,1510,1380,1359,1355,1383,1580,2251,3191,4001,4273,4460,4929,5684,6320,6829,6902,6823,6755,6108,5126,4506,3164,2673,2739
116.3811833,39.86684311,135127,459,439,438,438,439,459,512,570,618,634,640,642,660,691,690,692,711,677,674,636,601,579,578,576
116.3841062,39.86685867,135128,827,822,817,826,833,832,847,846,841,813,758,745,735,749,719,743,769,799,801,816,855,846,856,859
116.3870292,39.86687415,135129,745,736,738,741,743,747,760,765,767,757,739,733,730,728,722,720,745,717,721,726,743,758,764,762
116.3899521,39.86688956,135130,458,453,458,463,469,474,501,534,554,536,531,515,506,533,571,573,564,585,569,541,544,531,503,482
116.3928751,39.8669049,135131,159,155,157,153,155,164,175,192,202,222,229,218,218,220,243,242,230,228,215,199,186,197,172,165
116.395798,39.86692016,135132,525,524,526,525,528,534,549,562,569,576,568,559,556,565,571,571,573,573,581,565,562,565,562,562
116.398721,39.86693535,135133,191,187,187,187,189,195,197,204,216,227,230,233,222,227,223,235,233,236,240,219,227,218,217,242
116.4016439,39.86695047,135134,520,518,519,520,524,525,540,549,534,534,520,520,532,510,493,473,485,503,518,521,521,514,531,548
116.4045669,39.86696551,135135,309,309,310,312,310,313,314,310,309,316,292,291,290,290,282,285,284,292,301,308,299,308,309,318
116.4074899,39.86698048,135136,227,227,227,228,227,227,233,233,239,234,223,220,215,211,215,213,221,222,231,233,237,249,250,250
116.375317,39.86906414,135842,412,399,397,397,398,409,442,498,538,565,606,613,644,686,694,688,681,655,597,541,529,487,465,459
116.37824,39.86907985,135843,258,233,226,225,221,230,253,303,329,376,396,414,434,463,481,489,483,438,420,381,374,351,320,329
116.381163,39.86909548,135844,453,420,407,398,397,406,434,471,520,532,554,553,553,568,576,577,590,590,574,545,521,485,452,460
116.3840861,39.86911104,135845,641,642,641,641,638,641,657,679,706,749,796,799,808,814,815,822,834,832,788,772,780,771,739,713
116.3870091,39.86912653,135846,306,298,295,297,296,298,306,316,318,324,303,281,271,259,272,280,271,277,301,308,321,336,344,344
116.3899322,39.86914194,135847,108,98,101,101,101,103,114,120,124,131,143,144,135,147,156,161,149,136,137,138,132,120,114,127
116.3928552,39.86915727,135848,103,101,95,95,97,96,101,112,131,155,156,152,150,158,162,167,159,154,142,120,114,103,96,95
116.3957783,39.86917254,135849,240,236,235,237,241,243,253,259,280,298,296,307,304,314,311,311,303,297,290,274,275,277,262,260
116.3987013,39.86918773,135850,561,551,554,554,556,564,584,603,649,648,647,625,616,616,614,603,634,653,625,609,603,585,560,559
116.4016244,39.86920285,135851,370,368,367,369,371,373,378,379,381,393,388,402,400,384,385,377,371,367,357,359,365,349,350,347
116.4045474,39.86921789,135852,135,129,128,129,130,131,134,142,153,155,161,151,157,149,151,139,142,142,145,147,153,154,147,149
116.4074705,39.86923286,135853,250,245,248,248,254,259,273,292,305,319,323,308,293,267,271,268,266,268,269,269,270,266,272,273
116.3957585,39.87142491,136566,160,158,159,160,160,161,173,188,202,215,221,226,211,227,223,219,205,200,208,197,196,183,170,155
116.3986816,39.87144011,136567,223,223,223,224,228,233,232,240,248,239,240,236,236,246,247,256,271,263,244,246,242,248,250,241
116.4016048,39.87145522,136568,242,238,239,240,244,252,259,264,264,266,275,270,281,297,295,297,287,292,280,273,276,278,262,256
116.4045279,39.87147027,136569,120,121,123,124,123,126,138,152,163,177,193,188,187,167,151,157,155,146,132,127,124,126,129,129
116.4074511,39.87148524,136570,153,150,151,151,153,154,160,165,182,198,203,212,204,195,185,180,190,180,174,162,163,166,165,157
116.4103742,39.87150013,136571,86,86,86,87,86,89,93,109,118,117,126,135,134,132,134,154,148,131,114,93,88,81,77,80
116.4132974,39.87151496,136572,100,97,95,95,95,98,107,113,129,129,130,139,140,138,142,145,129,133,120,118,110,107,96,99
116.4162206,39.87152971,136573,244,227,229,233,243,248,254,265,274,295,293,304,303,314,310,307,327,344,353,333,297,284,260,260
116.4191437,39.87154438,136574,339,333,335,342,350,360,382,390,412,416,409,399,380,388,375,371,392,437,489,487,461,375,337,348
116.4220669,39.87155898,136575,205,198,195,196,200,201,207,217,253,257,251,231,225,243,247,232,231,242,250,237,239,218,218,225
116.4249901,39.87157351,136576,169,163,166,167,166,166,171,178,191,214,213,203,195,191,183,186,187,184,177,182,180,169,163,158
116.4279132,39.87158797,136577,216,214,211,211,211,213,216,228,287,308,328,312,285,267,266,268,263,249,232,213,210,216,211,208
116.4308364,39.87160235,136578,600,599,600,602,605,612,617,642,688,710,699,659,648,620,650,648,636,633,633,621,621,635,622,622
116.4337596,39.87161666,136579,499,496,497,498,504,505,510,526,553,561,539,541,534,532,536,527,520,523,536,536,542,543,521,502
116.4366827,39.87163089,136580,250,244,242,243,247,247,258,281,310,321,318,315,316,304,323,334,339,348,365,337,331,307,276,273
116.3957387,39.87367729,137283,327,320,318,319,322,328,342,370,395,401,389,402,397,397,419,423,445,463,446,423,414,385,365,358
116.398662,39.87369248,137284,195,190,190,190,191,196,200,218,235,245,252,250,246,245,256,238,243,245,248,241,238,237,236,232
116.4015852,39.8737076,137285,34,32,34,36,35,34,40,43,64,84,103,119,106,89,92,88,78,73,61,53,46,43,43,44
116.4045085,39.87372265,137286,113,111,110,112,110,112,122,134,160,184,203,225,221,201,187,177,182,178,155,139,123,123,121,122
116.4074317,39.87373762,137287,33,33,32,32,33,37,46,54,72,85,102,117,115,114,101,108,121,105,81,56,45,40,33,30
116.410355,39.87375252,137288,23,25,25,24,23,24,29,38,47,64,76,80,85,92,75,69,79,78,59,48,39,31,27,25
116.4132782,39.87376734,137289,539,538,539,538,541,541,540,549,548,531,522,502,505,487,474,484,491,504,517,526,526,544,544,539
116.4162015,39.87378209,137290,181,167,169,172,173,179,195,206,214,236,240,233,224,227,237,237,244,256,246,231,222,219,193,196
116.4191247,39.87379677,137291,257,254,256,259,259,261,269,279,286,284,273,270,260,266,256,261,275,293,315,313,295,292,285,283
116.422048,39.87381137,137292,93,92,93,94,96,95,95,100,114,110,106,105,102,104,107,117,117,120,119,108,102,99,99,99
116.4249712,39.8738259,137293,46,44,43,46,44,44,46,51,53,59,57,56,54,60,62,63,60,58,55,56,54,53,52,57
116.4278945,39.87384036,137294,38,36,36,36,36,38,40,47,77,95,114,93,92,89,95,94,83,80,73,60,53,44,42,40
116.4308178,39.87385474,137295,181,178,180,181,180,183,185,189,210,216,219,219,222,213,227,233,217,207,211,197,194,192,190,190
116.433741,39.87386905,137296,279,280,284,287,284,286,296,304,326,363,386,383,362,347,343,359,381,387,373,354,341,318,308,300
116.4366643,39.87388328,137297,94,84,85,84,90,97,99,121,159,210,248,265,250,216,225,234,220,206,197,162,136,122,99,89
116.3927956,39.8759144,137999,208,206,206,208,214,222,238,265,312,338,339,341,333,335,355,356,349,348,326,313,286,264,239,229
116.395719,39.87592966,138000,665,667,667,668,665,676,728,884,977,1013,1000,952,919,942,980,985,963,900,857,792,749,752,743,743
116.3986423,39.87594486,138001,125,123,125,123,123,123,133,156,170,173,186,185,183,177,177,175,174,164,161,155,152,145,136,139
116.4015656,39.87595998,138002,19,17,16,16,16,21,25,39,66,88,111,123,114,103,96,87,74,58,48,38,28,26,21,22
116.404489,39.87597502,138003,40,41,42,41,42,45,52,68,100,152,193,241,234,221,202,199,170,148,129,100,76,65,60,59
116.4074123,39.87599,138004,23,21,21,20,20,20,35,51,86,121,150,173,172,160,138,124,119,103,75,49,36,32,26,25
116.4103357,39.8760049,138005,26,19,20,20,20,21,27,35,46,59,81,94,96,106,111,112,108,88,61,38,28,25,21,17
116.413259,39.87601972,138006,144,139,138,139,140,146,153,177,188,187,187,216,226,243,245,243,227,217,195,189,182,172,163,161
116.4161824,39.87603447,138007,256,243,236,235,234,239,255,291,303,297,310,325,316,309,292,311,311,293,292,279,268,251,238,245
116.4191057,39.87604915,138008,686,630,638,653,651,656,665,690,703,702,737,702,718,709,697,674,699,714,700,697,679,656,647,745
116.4220291,39.87606375,138009,356,364,363,364,368,369,372,380,387,382,360,366,351,350,336,346,362,342,335,332,342,351,348,361
116.4249524,39.87607829,138010,77,73,74,77,76,79,84,89,97,98,105,99,91,90,88,82,86,82,70,62,57,57,53,54
116.4278758,39.87609274,138011,124,119,120,118,120,120,128,133,143,162,189,217,200,181,168,152,160,150,151,175,166,137,125,125
116.4307992,39.87610713,138012,68,65,66,66,67,67,70,70,92,121,162,169,161,133,133,115,118,115,110,90,83,81,77,72
116.4337225,39.87612144,138013,62,61,57,58,58,65,67,80,104,160,238,258,239,220,212,214,214,178,135,102,91,83,68,59
116.4366459,39.87613567,138014,107,101,98,93,95,101,110,134,180,231,321,358,334,321,362,385,359,304,233,185,145,118,99,95
116.3927758,39.87816677,138716,663,659,657,657,660,668,717,824,970,1058,1117,1103,1073,1075,1110,1092,1035,993,951,898,864,833,781,749
116.3956992,39.87818204,138717,497,490,497,502,510,523,563,671,758,843,885,882,913,934,944,931,868,814,743,695,644,605,557,528
116.3986226,39.87819723,138718,31,30,28,29,28,29,35,52,67,107,135,131,127,105,109,111,106,82,61,46,38,29,22,22
116.4015461,39.87821235,138719,7,5,6,7,8,9,12,31,53,88,109,106,104,103,96,84,73,66,50,33,28,20,19,16
116.4044695,39.8782274,138720,9,10,12,13,13,16,22,33,57,118,168,194,195,167,149,150,128,96,60,37,25,17,18,12
116.4073929,39.87824237,138721,21,17,16,18,19,19,33,49,89,167,230,281,276,254,216,200,158,135,86,57,41,30,26,23
116.4103164,39.87825727,138722,32,29,29,30,32,33,42,56,77,103,136,160,150,146,168,187,185,127,89,55,50,43,37,36
116.4132398,39.8782721,138723,219,215,214,215,219,230,238,264,296,333,349,352,325,328,342,351,352,340,322,276,269,236,226,221
116.4161633,39.87828685,138724,609,598,598,596,596,595,614,623,607,593,603,622,618,602,601,600,596,590,585,581,597,605,580,597
116.4190867,39.87830153,138725,591,585,591,595,597,601,615,666,685,698,708,683,667,647,611,603,556,550,578,588,594,606,592,601
116.4220102,39.87831614,138726,162,151,151,152,152,160,169,178,202,210,224,230,225,213,218,217,215,210,195,184,180,179,174,176
116.4249336,39.87833067,138727,122,118,116,116,120,123,136,142,152,168,180,179,173,175,168,159,169,165,174,164,158,159,156,151
116.4278571,39.87834513,138728,82,81,80,79,79,82,87,90,95,109,131,144,135,128,124,127,120,119,124,128,122,111,89,85
116.4307805,39.87835951,138729,70,66,68,69,67,69,75,81,106,148,173,203,212,207,216,221,209,184,137,105,87,78,79,72
116.433704,39.87837382,138730,56,53,52,56,58,60,62,78,105,149,208,228,218,212,201,189,199,177,143,109,92,85,78,65
116.4366274,39.87838806,138731,126,123,120,121,122,127,133,140,162,181,225,233,231,226,250,269,264,237,195,166,129,125,114,114
116.3927559,39.88041914,139433,277,269,272,277,281,285,294,331,390,478,583,643,618,599,562,527,496,438,403,362,338,312,302,287
116.3956794,39.88043441,139434,49,43,41,38,39,45,52,75,109,129,147,163,155,145,149,159,147,138,114,90,86,77,69,50
116.398603,39.8804496,139435,104,89,94,93,92,94,101,119,176,219,246,250,241,239,267,267,252,229,209,177,163,166,130,103
116.4015265,39.88046473,139436,36,37,36,35,35,37,41,53,73,107,129,132,142,131,124,118,103,83,66,52,47,42,38,33
116.40445,39.88047978,139437,7,8,9,9,11,10,15,24,56,101,144,146,145,139,139,136,117,93,54,25,15,16,13,9
116.4073736,39.88049475,139438,12,11,12,12,14,15,21,35,77,147,223,270,277,270,254,231,201,161,83,41,22,18,24,21
116.4102971,39.88050965,139439,36,32,33,32,31,30,39,47,82,120,158,192,174,196,227,255,235,170,102,64,45,38,30,30
116.4132206,39.88052448,139440,73,68,68,66,72,76,91,113,148,185,213,215,211,220,252,277,255,218,169,142,115,80,78,80
116.4161442,39.88053923,139441,524,519,517,519,517,524,541,509,525,546,568,585,555,577,550,541,555,537,523,504,509,498,487,482
116.4190677,39.88055391,139442,427,421,423,426,426,428,440,464,474,492,512,502,491,497,503,508,496,483,477,442,445,435,430,420
116.4219913,39.88056852,139443,207,196,196,195,199,204,208,217,223,239,259,269,259,258,261,261,251,252,247,237,235,224,213,211
116.4249148,39.88058305,139444,175,170,173,172,175,182,186,190,205,192,198,203,197,189,191,197,197,189,197,208,206,188,181,182
116.4278384,39.88059751,139445,100,96,93,90,88,96,101,107,131,148,156,166,163,152,135,122,125,128,137,131,133,123,115,111
116.4307619,39.8806119,139446,164,163,161,164,167,172,174,185,207,215,243,246,242,243,235,235,224,216,199,193,182,171,163,151
116.4336855,39.88062621,139447,421,417,421,424,425,425,437,441,453,461,477,479,467,467,483,479,471,445,430,451,441,453,445,435
116.436609,39.88064045,139448,276,279,281,280,276,279,285,313,328,340,368,363,362,383,410,403,402,391,377,350,335,324,313,307
116.392736,39.88267151,140150,456,453,454,454,456,469,482,523,594,761,999,1075,1077,1029,950,866,762,667,589,577,542,535,532,484
116.3956597,39.88268678,140151,71,67,66,66,68,70,81,91,104,121,143,141,143,153,178,162,150,130,107,94,83,74,64,59
116.3985833,39.88270198,140152,15,13,14,15,15,18,22,40,52,79,97,100,88,86,81,76,82,65,56,45,40,29,22,19
116.4015069,39.8827171,140153,15,12,13,14,16,19,21,25,38,63,87,91,82,79,79,94,74,51,43,27,19,20,20,13
116.4044305,39.88273215,140154,12,11,11,11,13,13,22,28,53,84,108,113,98,98,108,104,95,75,59,40,29,29,18,13
116.4073542,39.88274713,140155,11,10,10,11,13,14,22,27,54,95,137,165,161,156,177,179,162,126,72,39,27,24,14,11
116.4102778,39.88276203,140156,19,17,17,17,17,18,25,33,61,94,133,153,147,182,216,214,176,123,67,45,33,25,22,15
116.4132014,39.88277686,140157,101,100,98,99,96,96,118,138,181,224,268,299,291,299,326,322,309,266,210,167,138,122,115,104
116.4161251,39.88279161,140158,327,326,329,329,329,332,350,375,422,461,513,533,518,504,523,527,496,431,404,363,348,326,334,332
116.4190487,39.8828063,140159,370,361,365,368,367,368,384,430,433,446,452,456,452,429,424,423,419,402,399,372,357,361,363,357
116.4219723,39.8828209,140160,232,232,233,234,234,236,243,256,282,306,325,323,329,337,350,350,337,326,299,275,260,252,243,236
116.424896,39.88283544,140161,682,670,661,648,634,643,637,644,653,639,643,646,640,624,622,607,603,603,644,676,697,681,653,654
116.4278196,39.8828499,140162,529,516,513,516,517,521,540,559,594,613,625,615,621,630,616,597,606,597,591,562,555,549,541,530
116.4307433,39.88286428,140163,1040,1034,1039,1041,1037,1047,1074,1112,1179,1217,1256,1240,1258,1261,1244,1218,1207,1185,1195,1162,1117,1095,1067,1042
116.4336669,39.8828786,140164,478,472,474,477,479,485,503,536,560,598,608,624,618,617,611,594,577,587,570,568,564,556,526,513
116.4365906,39.88289284,140165,643,628,633,633,634,638,646,676,684,702,694,704,685,687,692,697,680,681,695,693,687,693,681,667
116.3927162,39.88492388,140867,428,423,425,424,428,435,439,446,443,446,443,432,430,430,436,432,445,442,435,428,420,412,410,399
116.3956399,39.88493915,140868,373,374,375,375,374,378,377,365,369,370,377,367,355,356,350,345,364,354,357,348,348,360,363,367
116.3985636,39.88495435,140869,50,53,52,53,54,51,51,63,75,106,117,113,100,94,102,92,95,79,70,59,56,48,42,39
116.4014873,39.88496947,140870,26,26,27,26,27,26,28,41,57,79,86,79,75,81,84,89,84,66,50,39,30,25,17,15
116.404411,39.88498452,140871,97,97,98,98,95,98,97,102,117,121,132,132,130,140,157,157,149,124,117,108,97,91,95,94
116.4073348,39.8849995,140872,154,154,154,156,158,159,167,185,207,242,286,285,285,285,300,291,272,235,202,184,166,163,158,159
116.4102585,39.88501441,140873,30,30,31,31,31,34,46,57,87,117,148,155,152,167,217,221,181,131,83,60,48,39,36,28
116.4131822,39.88502924,140874,89,86,87,88,91,93,97,118,155,250,352,420,470,514,605,617,539,426,321,244,152,113,98,89
116.416106,39.88504399,140875,330,330,327,329,323,325,342,380,530,714,885,978,1004,1037,1036,1021,928,847,737,567,471,426,383,361
116.4190297,39.88505868,140876,391,391,391,391,390,390,402,417,424,431,431,442,425,424,426,418,413,413,411,410,412,416,406,398
116.4219534,39.88507328,140877,706,709,718,718,719,714,722,729,732,716,682,668,668,651,662,659,657,671,692,689,687,725,717,715
116.4248772,39.88508782,140878,244,240,239,242,244,250,253,263,274,290,308,316,313,294,311,308,297,304,316,325,324,307,282,274
116.4278009,39.88510228,140879,226,214,216,216,216,220,229,232,244,253,252,239,248,232,231,236,233,236,243,248,244,244,240,232
116.4307247,39.88511667,140880,1041,1042,1045,1040,1038,1046,1053,1072,1098,1087,1102,1109,1116,1112,1091,1085,1086,1107,1124,1124,1123,1105,1097,1078
116.4336484,39.88513098,140881,486,484,482,483,482,486,503,528,534,574,588,578,573,577,586,588,605,599,586,573,566,551,524,502
116.4365721,39.88514522,140882,680,675,680,675,683,686,695,711,736,720,698,672,670,663,641,647,656,648,672,675,684,697,703,711
116.3926963,39.88717625,141584,130,126,126,128,129,131,137,146,177,185,187,210,203,198,197,211,198,185,179,165,149,138,137,123
116.3956201,39.88719152,141585,152,151,151,151,152,153,152,163,174,190,199,193,185,190,181,185,175,169,165,156,162,156,155,152
116.3985439,39.88720672,141586,304,302,301,301,301,302,304,313,308,308,316,317,309,297,300,307,306,301,285,288,290,281,275,276
116.4014677,39.88722185,141587,462,462,463,464,466,466,465,476,469,483,496,475,488,473,467,470,474,460,459,450,444,448,453,457
116.4043916,39.8872369,141588,996,1011,1005,1004,997,999,1034,1077,1119,1127,1117,1086,1054,1068,1097,1090,1031,1024,1002,956,958,980,977,971
116.4073154,39.88725188,141589,275,279,280,278,277,275,274,300,333,365,389,416,405,430,468,449,426,367,335,334,313,310,304,298
116.4102392,39.88726678,141590,258,261,262,262,261,262,265,278,323,376,436,469,449,469,476,466,419,345,304,289,283,282,275,264
116.413163,39.88728161,141591,458,452,455,457,459,460,468,491,540,605,638,649,632,654,625,614,610,600,583,563,543,516,506,495
116.4160869,39.88729637,141592,538,533,535,536,532,543,556,565,647,691,728,746,740,723,728,718,711,688,650,592,566,555,542,535
116.4190107,39.88731105,141593,265,268,265,266,264,266,267,275,286,286,294,296,288,288,286,286,276,287,281,273,286,284,283,272
116.4219345,39.88732566,141594,454,456,455,455,455,465,470,478,483,481,467,458,472,478,463,453,463,466,488,494,495,503,501,504
116.4248583,39.8873402,141595,230,225,220,215,218,221,221,237,251,265,269,275,280,266,262,256,262,274,289,289,297,281,257,261
116.4277822,39.88735466,141596,180,164,165,167,166,171,169,173,179,184,179,176,178,180,183,185,180,181,182,173,172,173,175,173
116.430706,39.88736905,141597,878,865,867,864,863,869,877,877,864,842,820,798,777,776,811,799,800,802,806,831,860,885,899,912
116.4336299,39.88738337,141598,1411,1404,1401,1395,1401,1407,1433,1516,1619,1619,1659,1640,1635,1610,1637,1652,1636,1650,1640,1642,1588,1559,1525,1509
116.4365537,39.88739761,141599,401,391,389,389,389,397,404,415,436,445,460,480,473,481,470,468,465,484,476,474,455,429,428,412
116.3926764,39.88942861,142301,120,115,116,115,116,118,128,157,202,240,234,256,257,266,257,243,249,231,194,147,137,137,130,120
116.3956003,39.88944389,142302,350,348,344,346,341,342,348,389,493,623,660,689,692,730,745,739,696,634,522,384,335,338,333,328
116.3985242,39.88945909,142303,306,301,299,300,305,308,313,322,340,358,363,370,359,376,368,359,359,350,334,308,312,313,319,312
116.4014481,39.88947422,142304,669,667,662,662,658,659,662,669,677,662,616,593,581,597,587,569,601,596,593,602,612,616,633,630
116.4043721,39.88948927,142305,497,494,488,485,487,497,510,518,524,529,526,507,502,499,507,486,499,487,478,494,500,498,513,504
116.407296,39.88950425,142306,259,262,260,256,258,260,265,271,284,297,298,285,301,309,314,313,294,273,273,269,274,283,282,276
116.4102199,39.88951916,142307,333,331,329,329,328,332,333,341,351,365,353,349,359,380,369,350,332,341,334,330,334,342,343,336
116.4131438,39.88953399,142308,247,240,242,244,250,248,257,262,287,325,347,371,385,382,380,374,369,343,322,304,288,282,269,264
116.4160677,39.88954875,142309,292,288,287,287,285,284,283,283,301,306,298,296,290,297,316,315,318,320,304,287,291,295,290,293
116.4189917,39.88956343,142310,1169,1170,1178,1179,1181,1190,1198,1208,1196,1188,1158,1139,1114,1104,1097,1087,1089,1071,1115,1143,1174,1202,1205,1204
116.4219156,39.88957804,142311,399,400,397,399,405,412,423,433,453,476,470,479,476,459,443,424,411,416,409,398,395,404,401,397
116.4248395,39.88959258,142312,1000,999,996,994,997,999,1011,1029,1044,1022,1009,984,972,993,999,1003,1017,1005,1029,1057,1048,1068,1054,1052
116.4277635,39.88960705,142313,558,552,548,548,548,556,573,580,590,581,569,562,565,579,576,566,569,573,577,575,584,576,567,565
116.4306874,39.88962144,142314,632,600,600,601,605,608,614,629,623,618,611,599,581,585,603,598,596,607,628,618,617,633,635,642
116.4336113,39.88963575,142315,1340,1324,1335,1338,1338,1377,1395,1430,1473,1508,1508,1483,1467,1468,1495,1527,1511,1489,1484,1466,1465,1475,1437,1476
116.4365353,39.88964999,142316,424,412,413,408,414,421,437,443,466,481,480,469,474,479,481,479,473,461,456,443,436,431,443,439
116.4394592,39.88966416,142317,556,555,554,555,556,561,570,581,592,574,556,533,533,520,535,527,521,534,530,521,526,537,560,563
116.4423832,39.88967826,142318,1513,1520,1528,1532,1536,1538,1545,1562,1579,1508,1435,1382,1344,1305,1300,1320,1333,1360,1391,1430,1439,1488,1547,1593
116.3926565,39.89168098,143018,234,230,229,231,237,234,251,266,281,288,319,344,362,369,371,360,361,340,332,320,295,271,239,215
116.3955805,39.89169626,143019,235,231,231,228,227,234,236,259,340,392,434,474,471,480,486,460,438,411,362,277,264,241,227,212
116.3985045,39.89171146,143020,216,202,197,192,189,186,196,193,228,234,252,267,279,287,292,268,272,286,258,239,224,212,192,195
116.4014286,39.89172659,143021,383,394,385,348,286,249,242,240,286,314,334,343,341,351,361,358,344,325,299,267,259,265,265,277
116.4043526,39.89174164,143022,819,816,808,779,746,726,718,755,862,945,935,931,905,898,889,852,875,865,806,781,782,774,775,768
116.4072766,39.89175662,143023,237,231,229,230,230,230,236,255,295,302,323,327,314,315,324,311,310,313,300,270,262,263,253,255
116.4102006,39.89177153,143024,425,424,421,419,418,415,423,446,479,489,511,503,511,529,525,521,515,496,483,484,494,482,464,457
116.4131246,39.89178636,143025,619,609,608,613,609,617,650,726,882,956,981,1039,1042,1027,1054,1072,1082,1012,971,900,822,768,702,655
116.4160486,39.89180112,143026,709,709,710,709,710,714,721,736,800,838,839,806,802,820,828,828,827,830,825,799,803,770,740,724
116.4189727,39.89181581,143027,318,315,315,315,317,321,322,345,375,381,381,374,367,356,351,345,349,351,347,348,343,342,333,323
116.4218967,39.89183042,143028,463,464,470,469,469,471,474,492,543,578,594,591,598,601,604,609,584,564,560,524,501,480,460,454
116.4248207,39.89184496,143029,1058,1052,1056,1057,1061,1060,1078,1108,1215,1267,1294,1299,1300,1278,1282,1285,1300,1296,1265,1198,1161,1167,1132,1118
116.4277447,39.89185943,143030,763,748,746,737,743,756,763,809,866,891,916,933,932,935,967,963,956,966,955,970,956,924,869,875
116.4306688,39.89187382,143031,878,800,789,781,776,785,800,887,973,1010,1061,1066,1069,1038,1059,1057,1029,1056,1030,1000,975,907,849,871
116.4335928,39.89188813,143032,2042,1935,1941,1933,1939,1971,1996,2036,2114,2153,2160,2152,2164,2143,2118,2097,2114,2120,2133,2069,2057,2049,2027,2073
116.4365168,39.89190238,143033,488,453,454,447,447,458,466,512,528,548,564,582,572,552,569,562,573,559,561,555,530,503,481,470
116.4394409,39.89191655,143034,693,687,684,690,694,694,721,737,788,818,826,825,834,836,836,838,824,815,805,772,740,718,688,682
116.4423649,39.89193065,143035,944,929,930,932,938,942,951,972,1021,1062,1045,1026,998,987,978,947,951,974,991,996,995,979,974,966
116.3926367,39.89393335,143735,353,354,355,357,356,366,381,390,461,539,646,719,796,824,816,781,764,744,716,659,595,496,403,343
116.3955608,39.89394862,143736,107,100,99,95,99,105,107,113,138,171,226,241,247,268,268,257,244,222,206,171,149,127,113,104
116.3984849,39.89396383,143737,130,128,130,130,132,136,138,138,144,158,172,187,192,190,189,201,194,201,188,183,171,158,145,147
116.401409,39.89397896,143738,211,210,212,213,214,214,222,234,252,262,248,252,260,272,271,263,256,252,240,231,224,213,206,209
116.4043331,39.89399401,143739,643,639,646,646,651,648,655,672,727,761,750,768,791,775,793,779,788,757,741,720,714,678,653,646
116.4072572,39.89400899,143740,318,312,307,305,305,311,313,314,352,356,371,381,373,381,382,381,400,405,394,383,371,350,345,333
116.4101813,39.8940239,143741,467,469,459,458,457,455,467,479,516,558,583,588,578,586,588,621,619,620,615,605,575,545,509,482
116.4131054,39.89403874,143742,1095,1068,1059,1056,1052,1058,1090,1204,1399,1568,1715,1853,1908,1963,1980,1959,1935,1912,1853,1776,1607,1450,1296,1181
116.4160295,39.8940535,143743,1339,1344,1349,1349,1349,1351,1355,1373,1385,1378,1362,1349,1336,1321,1352,1329,1336,1359,1388,1417,1430,1441,1420,1392
116.4189536,39.89406819,143744,1686,1685,1686,1691,1695,1700,1694,1707,1700,1637,1568,1543,1509,1530,1508,1498,1528,1576,1582,1620,1670,1712,1751,1748
116.4218778,39.8940828,143745,280,280,277,276,275,278,290,303,316,339,345,344,344,340,343,348,357,358,363,366,352,334,310,293
116.4248019,39.89409734,143746,962,961,963,964,963,966,982,1011,1135,1186,1215,1242,1247,1214,1202,1205,1230,1262,1227,1148,1122,1093,1032,994
116.427726,39.89411181,143747,1254,1245,1246,1247,1252,1251,1271,1306,1447,1488,1506,1514,1518,1512,1500,1510,1525,1509,1502,1404,1376,1356,1321,1305
116.4306501,39.8941262,143748,1284,1263,1249,1222,1208,1194,1212,1277,1399,1432,1449,1457,1478,1446,1453,1439,1448,1474,1396,1354,1371,1329,1306,1289
116.4335743,39.89414052,143749,844,776,775,771,774,796,820,857,910,956,942,922,941,988,979,961,934,947,944,927,905,892,846,860
116.4364984,39.89415476,143750,857,808,808,807,801,802,815,839,888,903,913,897,899,922,921,917,937,919,930,924,915,914,922,1002
116.4394225,39.89416893,143751,469,465,463,460,462,466,487,507,498,496,496,508,496,493,486,516,495,491,495,502,494,488,477,475
116.3926168,39.89618571,144452,238,225,222,214,216,234,274,357,445,591,724,836,929,932,879,862,818,759,695,609,519,390,257,217
116.395541,39.89620099,144453,158,156,160,158,160,166,172,212,232,274,303,334,347,362,354,338,335,323,311,297,278,228,189,188
116.3984652,39.89621619,144454,409,405,405,409,411,412,419,422,423,423,442,455,454,461,447,455,471,465,445,443,457,451,437,419
116.4013894,39.89623132,144455,332,328,331,333,337,345,347,363,374,384,392,398,406,395,387,385,382,383,391,393,378,366,356,342
116.4043136,39.89624638,144456,679,670,672,676,681,688,698,720,753,736,757,774,773,767,776,781,776,765,746,734,729,711,701,695
116.4072378,39.89626136,144457,1159,1139,1146,1146,1144,1147,1169,1208,1275,1305,1351,1354,1382,1378,1368,1368,1368,1385,1395,1350,1305,1291,1237,1205
116.410162,39.89627627,144458,1719,1686,1690,1683,1681,1684,1708,1757,1924,2068,2136,2254,2333,2377,2396,2428,2448,2460,2429,2291,2190,2057,1885,1790
116.4130862,39.89629111,144459,1792,1696,1672,1657,1654,1645,1717,1893,2283,2892,3483,4140,4680,5158,5504,5551,5570,5478,5264,4877,4111,3309,2514,1956
116.4160104,39.89630587,144460,1424,1413,1415,1427,1428,1433,1429,1471,1530,1587,1620,1688,1727,1724,1719,1741,1729,1759,1757,1758,1712,1641,1562,1471
116.4189346,39.89632056,144461,1469,1473,1481,1480,1481,1490,1486,1496,1544,1499,1436,1398,1392,1374,1365,1364,1393,1445,1474,1483,1479,1477,1483,1480
116.4218588,39.89633518,144462,677,674,667,670,678,680,683,696,727,740,729,723,714,721,711,729,730,732,729,732,719,697,672,654
116.424783,39.89634972,144463,1228,1224,1228,1224,1228,1237,1255,1287,1326,1322,1291,1252,1225,1215,1226,1213,1222,1237,1234,1234,1243,1258,1279,1264
116.4277073,39.89636418,144464,880,863,867,869,876,878,890,910,941,929,895,887,860,864,872,899,915,908,927,922,920,925,913,902
116.4306315,39.89637858,144465,941,930,930,931,930,933,939,966,995,981,959,922,924,936,932,922,934,933,920,923,961,975,970,991
116.4335557,39.8963929,144466,822,802,799,804,811,824,838,848,864,884,891,865,853,860,867,872,866,874,868,849,853,882,870,894
116.4364799,39.89640714,144467,554,534,533,535,545,562,565,584,603,610,625,605,600,613,615,618,611,621,609,617,615,595,586,598
116.4394042,39.89642132,144468,607,606,601,603,602,602,607,616,618,592,581,556,548,551,539,529,536,542,555,580,599,614,618,620
116.3896726,39.89842272,145168,353,323,319,321,338,414,461,508,591,773,948,1093,1103,1140,1223,1253,1228,1161,988,839,693,569,391,321
116.3925969,39.89843807,145169,207,205,206,205,212,284,335,371,460,593,679,706,694,672,667,669,624,559,516,468,380,298,218,202
116.3955212,39.89845335,145170,234,235,234,239,241,262,287,308,333,368,403,405,381,381,372,362,362,342,335,325,294,268,238,220
116.3984455,39.89846856,145171,527,530,536,534,536,557,572,603,614,637,628,632,627,626,623,614,610,604,603,605,610,598,565,557
116.4013698,39.89848369,145172,434,438,436,438,439,449,465,501,541,558,559,548,540,545,533,512,502,476,456,459,458,445,440,437
116.4042941,39.89849875,145173,401,401,396,394,396,412,429,460,480,515,521,544,534,551,554,550,545,522,498,499,495,458,434,424
116.4072184,39.89851373,145174,765,762,761,761,762,771,770,794,832,914,950,974,975,979,987,981,982,975,976,952,885,820,797,775
116.4101427,39.89852865,145175,748,731,727,725,720,728,778,850,1050,1220,1377,1526,1594,1664,1747,1722,1655,1627,1588,1456,1302,1145,988,825
116.413067,39.89854348,145176,507,490,478,480,485,490,525,612,773,947,1110,1273,1420,1506,1539,1513,1449,1422,1374,1249,1077,883,682,577
116.4159913,39.89855825,145177,466,455,458,458,458,466,486,517,601,647,707,748,782,778,817,794,810,801,743,714,656,599,550,504
116.4189156,39.89857294,145178,1044,1029,1031,1037,1044,1060,1076,1100,1124,1148,1143,1150,1171,1187,1165,1169,1180,1188,1190,1160,1147,1140,1135,1114
116.4218399,39.89858755,145179,678,664,667,670,671,676,678,709,740,768,766,752,759,756,756,756,756,751,757,776,782,765,720,707
116.4247642,39.89860209,145180,235,232,230,229,232,230,233,243,254,268,270,277,273,266,270,289,278,252,251,254,249,242,243,238
116.4276885,39.89861656,145181,222,205,202,203,205,205,212,219,226,220,212,203,199,204,210,214,216,223,209,212,210,214,211,203
116.4306128,39.89863096,145182,406,381,386,379,384,382,392,418,434,432,419,411,409,409,409,402,394,402,389,400,404,410,405,408
116.4335372,39.89864528,145183,606,579,571,564,577,587,627,651,655,644,640,619,656,647,642,640,662,647,637,620,608,623,654,671
116.4364615,39.89865953,145184,461,452,452,453,455,465,475,485,488,476,458,458,462,478,472,480,469,479,487,488,494,498,509,520
116.4393858,39.8986737,145185,721,718,729,732,734,736,742,749,747,696,654,636,624,619,614,641,658,670,701,698,706,713,735,741
116.3896526,39.90067508,145885,235,222,222,225,313,669,859,959,1180,1354,1370,1315,1174,1023,952,911,879,751,619,500,424,317,235,198
116.392577,39.90069044,145886,388,388,397,396,451,734,920,1069,1301,1545,1661,1552,1366,1075,967,912,844,728,654,555,491,424,352,334
116.3955014,39.90070572,145887,319,316,313,314,316,353,391,429,465,540,574,556,539,507,482,470,466,475,467,454,434,387,314,287
116.3984258,39.90072093,145888,269,268,270,270,271,277,284,297,351,378,384,376,377,380,393,402,395,365,349,320,298,296,274,266
116.4013502,39.90073606,145889,746,742,744,743,747,767,796,863,933,951,938,945,979,992,972,961,957,932,848,818,814,802,770,748
116.4042746,39.90075112,145890,167,165,162,165,166,171,185,199,221,236,251,244,243,263,276,254,240,249,244,219,193,176,163,156
116.407199,39.9007661,145891,320,320,321,322,323,337,353,382,422,500,512,525,481,446,463,462,452,436,411,403,397,388,375,372
116.4101234,39.90078102,145892,1289,1281,1278,1276,1282,1304,1403,1538,1667,1718,1757,1740,1693,1667,1663,1687,1683,1653,1609,1542,1485,1437,1392,1336
116.4130478,39.90079585,145893,538,521,518,523,527,567,664,848,1099,1265,1398,1329,1323,1242,1242,1206,1143,1063,1032,945,902,803,744,688
116.4159722,39.90081062,145894,242,215,220,219,221,246,284,330,390,442,502,503,492,482,494,490,459,449,473,453,414,378,332,293
116.4188966,39.90082531,145895,246,201,213,232,231,265,319,384,465,519,531,534,530,558,557,620,611,540,523,532,550,521,443,359
116.421821,39.90083993,145896,370,274,278,282,294,320,377,412,469,591,635,620,612,593,605,628,618,561,563,608,611,591,539,476
116.4247454,39.90085447,145897,675,624,631,625,640,643,651,666,690,699,736,703,689,622,652,691,720,706,700,690,689,713,713,728
116.4276698,39.90086894,145898,242,206,209,205,212,217,231,243,263,283,312,317,309,282,315,321,304,282,248,220,222,237,230,233
116.4335186,39.90089766,145900,310,297,299,298,303,326,344,356,408,406,398,402,416,414,431,432,422,404,403,398,382,369,348,323
116.436443,39.90091191,145901,154,156,155,159,161,160,166,178,178,187,190,185,189,188,183,183,174,170,173,175,168,178,168,162
116.4393675,39.90092608,145902,152,150,150,151,152,152,159,160,163,167,155,155,165,166,163,157,152,157,151,157,167,168,172,175
116.4422919,39.90094018,145903,325,318,317,321,328,330,329,344,342,336,331,319,314,309,311,308,313,313,326,337,335,343,350,349
116.3896326,39.90292744,146602,170,178,177,186,262,573,743,744,945,1171,1312,1289,1247,1213,1078,1069,1052,965,778,643,447,330,230,179
116.3925571,39.9029428,146603,129,129,132,138,176,398,496,586,760,947,1083,1050,921,872,793,759,671,579,472,387,257,190,149,118
116.3954816,39.90295808,146604,74,73,69,69,74,107,124,138,160,188,223,233,230,212,219,211,208,192,156,144,131,124,97,88
116.3984061,39.90297329,146605,169,162,160,158,158,169,183,204,236,247,267,262,260,255,263,260,247,247,224,220,194,185,170,158
116.4013306,39.90298842,146606,950,948,946,950,956,959,976,1012,1085,1094,1077,1074,1040,1032,1028,1037,1037,1020,971,957,952,930,918,900
116.4042551,39.90300348,146607,129,126,123,122,124,124,137,152,167,192,204,195,181,183,188,193,198,203,184,173,165,160,139,127
116.4071796,39.90301847,146608,146,141,141,138,138,148,157,170,190,251,255,277,240,225,232,221,222,228,207,191,186,170,156,147
116.410104,39.90303339,146609,595,587,587,586,592,609,647,722,798,844,879,899,872,886,913,909,898,876,862,813,757,680,632,605
116.4130285,39.90304822,146610,355,354,354,355,360,378,400,428,489,532,568,536,531,516,548,528,505,492,473,462,451,419,385,363
116.415953,39.90306299,146611,175,171,171,173,175,187,209,228,261,279,316,320,317,317,339,347,336,306,318,323,305,283,257,224
116.4188775,39.90307768,146612,362,313,318,324,356,415,491,581,705,906,975,956,1002,1039,1100,1201,1102,987,1017,992,1001,1036,948,685
116.421802,39.9030923,146613,1416,1104,1231,1168,1369,1779,2167,2528,3252,4086,4412,4305,4770,5163,5675,6120,5344,4971,5090,5216,5273,5498,5009,3356
116.4247265,39.90310685,146614,474,455,463,463,473,528,591,668,714,774,820,754,784,840,901,937,823,808,816,767,718,717,667,615
116.427651,39.90312132,146615,827,820,820,814,814,826,855,903,924,955,1003,998,1024,1048,1072,1049,1001,996,987,946,917,926,901,846
116.3896126,39.9051798,147319,298,285,286,291,325,513,623,700,905,1241,1447,1516,1461,1416,1296,1099,947,722,577,484,386,352,298,270
116.3925372,39.90519516,147320,108,96,95,95,115,201,278,383,544,862,1120,1186,1115,1067,1017,914,779,543,387,309,228,170,123,80
116.3954618,39.90521044,147321,73,57,56,55,61,96,133,182,217,284,321,350,357,351,348,356,306,284,229,208,155,110,77,57
116.3983864,39.90522565,147322,299,288,285,283,284,294,307,348,376,418,455,457,455,479,494,509,515,495,460,435,398,368,352,320
116.401311,39.90524079,147323,127,116,116,117,119,118,122,137,153,167,194,191,192,188,199,196,205,201,192,190,172,156,143,131
116.4042356,39.90525585,147324,358,355,350,344,345,352,368,404,446,486,479,477,481,499,524,509,491,492,465,457,441,429,414,397
116.4071601,39.90527084,147325,110,103,102,105,105,107,108,119,134,158,161,171,181,185,190,196,193,191,179,183,172,170,154,155
116.4100847,39.90528575,147326,485,480,482,487,489,495,505,531,571,575,612,629,641,659,670,663,682,703,682,658,608,561,517,472
116.4130093,39.90530059,147327,685,677,674,673,671,676,709,750,798,832,846,862,867,873,879,903,910,888,854,818,768,738,704,656
116.4159339,39.90531536,147328,248,238,241,240,246,255,268,274,299,316,339,347,335,353,374,386,353,362,368,362,349,339,321,293
116.4188585,39.90533005,147329,717,689,706,712,746,802,868,942,1056,1135,1202,1153,1185,1194,1229,1262,1157,1115,1105,1087,1095,1078,1050,935
116.4217831,39.90534467,147330,582,562,565,559,605,673,746,815,942,1057,1096,1041,1067,1155,1238,1290,1134,1111,1083,1057,1022,1024,941,797
116.4247077,39.90535922,147331,341,336,334,336,343,364,384,404,444,471,482,475,507,513,498,521,505,515,488,490,475,461,442,414
116.4276323,39.90537369,147332,300,286,278,272,276,292,309,349,389,414,456,485,483,477,475,472,477,489,477,444,421,387,370,321
116.386668,39.90741673,148035,62,57,57,57,57,72,94,124,168,208,259,308,348,348,350,334,299,242,202,163,131,115,103,77
116.3895927,39.90743216,148036,45,43,42,44,66,200,289,401,584,868,1081,1145,1086,1039,972,788,624,418,327,248,188,142,100,63
116.3925173,39.90744752,148037,68,66,69,69,79,137,193,264,385,582,734,839,837,787,765,651,515,369,236,173,136,105,77,75
116.395442,39.90746281,148038,123,114,115,113,115,170,204,280,349,435,551,603,616,625,639,595,537,441,320,250,216,188,163,131
116.3983667,39.90747802,148039,108,104,103,104,106,126,143,166,225,273,341,380,402,429,416,381,368,324,272,239,209,156,119,98
116.4012914,39.90749315,148040,112,105,101,99,104,115,135,151,182,238,279,319,333,341,363,369,338,299,303,303,266,205,150,116
116.404216,39.90750822,148041,550,543,539,539,538,558,615,712,814,957,1071,1179,1303,1419,1466,1489,1419,1384,1322,1275,1239,1163,973,620
116.4071407,39.90752321,148042,516,509,505,502,502,519,556,620,724,811,922,1010,1052,1112,1219,1204,1192,1147,1071,995,911,796,705,541
116.4100654,39.90753812,148043,682,667,657,653,652,661,691,738,835,919,1017,1075,1089,1150,1216,1225,1238,1218,1163,1093,994,918,815,701
116.4129901,39.90755296,148044,273,257,251,247,246,260,292,361,431,476,533,565,591,638,661,657,669,628,573,543,457,389,340,280
116.4159148,39.90756773,148045,538,521,507,506,511,522,551,606,671,708,749,799,811,831,823,811,819,813,793,767,711,673,622,565
116.4188395,39.90758243,148046,309,301,301,304,311,316,338,408,446,464,490,516,498,494,521,531,492,476,456,424,438,423,374,359
116.4217642,39.90759705,148047,389,379,380,382,387,396,415,471,562,593,620,666,674,715,786,794,769,732,641,615,587,562,495,445
116.4246889,39.90761159,148048,238,230,226,225,224,224,239,254,317,348,376,386,401,413,431,431,446,430,425,419,390,356,304,268
116.4276136,39.90762607,148049,138,129,126,123,122,126,142,163,192,187,180,188,189,196,197,200,220,195,183,177,164,161,145,130
116.3866479,39.90966909,148752,132,131,128,129,131,140,143,161,212,271,336,405,431,472,515,519,467,369,265,202,176,160,144,132
116.3895727,39.90968452,148753,147,146,146,145,153,235,289,414,568,766,915,1012,1032,1035,983,872,671,502,458,440,401,376,300,143
116.3924974,39.90969988,148754,71,68,69,69,75,123,161,226,319,445,571,656,657,648,624,511,382,232,173,136,106,83,76,66
116.3954222,39.90971517,148755,210,207,206,208,213,234,264,307,356,444,534,612,601,577,564,527,461,408,345,300,268,230,212,203
116.398347,39.90973038,148756,401,395,399,400,401,431,453,493,524,568,659,711,770,764,760,739,706,650,581,546,489,470,436,407
116.4012718,39.90974552,148757,451,454,452,456,454,480,509,550,574,664,740,797,821,847,887,879,859,797,768,727,675,594,535,483
116.4041965,39.90976058,148758,814,803,798,793,796,812,846,928,1159,1504,1857,2273,2609,2820,2885,2937,2933,2878,2756,2515,2216,1758,1192,842
116.4071213,39.90977557,148759,591,573,571,571,570,576,610,695,871,1082,1323,1513,1717,2023,2227,2282,2275,2194,1993,1726,1489,1212,877,639
116.4100461,39.90979049,148760,864,840,812,808,808,819,867,1026,1178,1320,1467,1597,1719,1837,1884,1903,1931,1882,1765,1692,1518,1350,1147,972
116.4129709,39.90980533,148761,966,936,921,913,907,908,953,1053,1205,1319,1417,1554,1635,1722,1791,1820,1799,1770,1680,1591,1499,1357,1192,1087
116.4158957,39.9098201,148762,503,493,493,492,496,499,518,555,577,587,613,622,630,637,633,655,669,659,653,637,621,621,582,557
116.4188204,39.9098348,148763,282,268,269,269,269,268,289,310,338,358,369,361,358,367,375,375,385,380,361,342,348,332,314,297
116.4217452,39.90984942,148764,305,297,297,299,304,306,315,344,366,396,413,439,456,469,492,495,481,476,424,409,388,376,347,317
116.42467,39.90986397,148765,741,740,735,731,734,734,732,743,761,723,716,705,711,700,692,701,728,754,748,757,754,776,774,749
116.4275948,39.90987844,148766,197,192,191,189,190,191,199,206,231,242,254,262,268,269,260,249,264,268,262,249,241,233,223,228
116.3866278,39.91192144,149469,87,83,84,83,84,89,93,109,128,149,172,204,233,280,317,341,341,283,190,117,105,93,85,83
116.3895527,39.91193688,149470,85,80,81,82,92,142,170,228,317,464,583,622,645,709,735,680,592,442,245,162,112,89,80,68
116.3924775,39.91195224,149471,48,47,47,50,53,78,115,215,295,425,518,543,545,549,524,465,364,221,146,123,94,76,57,44
116.3954024,39.91196753,149472,52,52,50,50,52,65,87,127,177,257,318,352,356,352,342,314,262,184,135,101,85,78,63,52
116.3983273,39.91198274,149473,189,187,186,187,187,210,229,247,283,342,414,460,474,482,494,479,451,390,328,297,269,228,212,197
116.4012521,39.91199788,149474,291,287,290,289,291,303,323,335,357,402,475,533,580,600,616,604,587,533,499,456,426,399,356,313
116.404177,39.91201294,149475,368,344,333,330,334,338,362,410,520,701,1036,1443,1762,2033,2204,2281,2260,2114,1912,1754,1421,1037,658,393
116.4071019,39.91202794,149476,1283,1245,1235,1230,1231,1253,1368,1683,1968,2179,2367,2544,2700,2837,2969,3113,3103,2970,2793,2591,2247,1947,1618,1388
116.4100268,39.91204285,149477,790,779,785,784,785,803,851,983,1091,1183,1262,1286,1288,1298,1333,1384,1383,1360,1310,1246,1157,1061,986,924
116.4129516,39.9120577,149478,548,537,536,541,544,552,561,591,646,666,682,688,694,714,742,736,742,748,725,695,669,655,629,597
116.4158765,39.91207247,149479,235,224,223,221,224,225,232,251,266,278,289,303,315,309,314,302,283,270,277,283,267,261,245,227
116.4188014,39.91208717,149480,531,528,526,527,531,529,543,559,569,571,571,591,594,591,587,588,595,600,599,571,570,573,551,537
116.4217263,39.91210179,149481,459,449,450,452,449,451,456,454,469,467,466,469,462,457,481,478,469,470,485,504,509,518,504,477
116.4246512,39.91211634,149482,1107,1101,1100,1095,1094,1095,1098,1124,1125,1107,1058,1039,1052,1040,1049,1033,1021,1036,1040,1033,1067,1094,1119,1139
116.4275761,39.91213081,149483,229,210,212,211,209,208,222,242,265,277,296,304,301,301,298,299,293,290,291,274,269,258,253,233
116.3866077,39.9141738,150186,52,52,51,51,51,53,61,78,97,116,149,159,153,158,172,165,156,124,91,74,70,66,53,48
116.3895327,39.91418923,150187,90,84,84,83,88,115,150,221,341,512,637,691,677,660,640,538,404,224,136,113,101,84,76,66
116.3924576,39.9142046,150188,102,102,103,105,108,140,186,283,432,623,786,880,895,876,826,714,541,331,207,156,130,116,105,97
116.3953826,39.91421988,150189,73,74,74,75,76,90,112,151,219,313,387,460,478,484,467,428,347,256,185,168,146,119,89,79
116.3983076,39.9142351,150190,277,277,275,276,276,286,302,325,362,390,456,527,562,559,564,559,522,470,403,364,322,294,266,260
116.4012325,39.91425024,150191,269,264,261,260,260,270,286,310,339,386,426,500,553,561,562,570,542,524,474,438,398,365,322,294
116.4041575,39.91426531,150192,1384,1362,1350,1340,1345,1360,1431,1612,1965,2305,2706,3253,3810,4129,4378,4555,4649,4492,4223,3786,3289,2711,2073,1477
116.4070825,39.9142803,150193,881,831,823,824,824,845,902,993,1127,1280,1422,1564,1690,1801,1915,1964,1969,1946,1878,1747,1557,1382,1175,985
116.4100074,39.91429522,150194,973,974,968,969,974,981,1024,1096,1161,1211,1251,1285,1350,1382,1394,1462,1486,1483,1458,1444,1367,1280,1175,1048
116.4129324,39.91431006,150195,631,606,607,606,605,616,679,735,780,799,794,834,829,872,894,897,896,881,871,857,831,822,760,714
116.4158574,39.91432484,150196,786,767,766,772,769,765,782,822,854,879,895,903,923,967,981,995,1004,1020,1017,1018,1002,971,894,793
116.4187824,39.91433953,150197,1112,1098,1099,1101,1102,1104,1140,1177,1212,1206,1162,1181,1208,1211,1245,1229,1236,1239,1260,1252,1240,1226,1179,1156
116.4217073,39.91435416,150198,764,767,771,771,770,776,783,805,796,767,760,751,754,758,770,771,766,798,795,817,815,828,815,801
116.4246323,39.91436871,150199,499,492,491,490,492,486,483,497,483,467,443,449,443,455,449,461,460,463,476,490,501,487,489,484
116.4275573,39.91438318,150200,554,537,531,534,533,539,541,556,574,579,569,560,542,531,534,520,508,536,545,539,547,540,521,528
116.3865876,39.91642615,150903,86,83,83,85,84,87,93,146,174,199,239,258,273,276,275,250,214,158,122,110,108,102,98,91
116.3895127,39.91644159,150904,12,9,9,9,10,23,50,156,346,602,858,969,1003,952,876,716,502,216,87,53,42,27,21,14
116.3924377,39.91645695,150905,18,17,16,15,16,40,88,195,452,887,1328,1553,1651,1569,1500,1249,838,415,187,114,68,35,20,13
116.3953628,39.91647224,150906,41,40,38,40,43,49,62,107,212,384,569,663,732,732,693,614,493,314,179,128,89,74,46,28
116.3982879,39.91648746,150907,676,674,680,685,689,701,716,753,823,845,877,922,947,952,980,952,928,877,833,768,739,726,702,667
116.4012129,39.9165026,150908,324,325,328,328,330,338,346,368,380,394,426,475,499,511,532,530,503,468,454,438,402,372,341,335
116.404138,39.91651767,150909,573,549,542,546,555,564,576,629,751,900,1085,1377,1622,1742,1872,1947,1936,1906,1827,1708,1469,1226,926,640
116.407063,39.91653266,150910,1168,1156,1157,1155,1148,1155,1217,1313,1400,1419,1446,1482,1518,1534,1537,1573,1566,1544,1503,1409,1326,1276,1181,1119
116.4099881,39.91654758,150911,668,661,660,663,667,678,679,687,735,750,765,767,794,815,841,848,835,816,812,799,775,750,732,682
116.4129132,39.91656243,150912,334,323,327,329,331,334,350,390,424,435,450,455,437,467,471,472,464,457,436,439,418,398,380,358
116.4158383,39.9165772,150913,838,839,840,832,831,838,852,861,857,845,837,830,829,845,845,838,840,855,869,859,871,883,876,849
116.4187633,39.9165919,150914,726,721,719,727,723,728,750,761,777,776,761,762,739,738,725,707,716,708,729,735,748,748,752,745
116.4216884,39.91660653,150915,1552,1537,1542,1556,1561,1560,1575,1605,1606,1553,1515,1470,1474,1471,1457,1476,1498,1519,1536,1544,1577,1612,1592,1594
116.4246135,39.91662108,150916,345,342,343,345,346,347,348,347,356,350,325,311,321,339,340,329,322,333,331,340,346,348,353,350
116.4275386,39.91663556,150917,308,293,290,289,289,293,303,320,324,322,316,331,325,342,331,325,320,330,338,350,336,322,307,307
116.3865675,39.91867851,151620,14,16,15,15,17,16,20,46,71,102,127,157,151,152,149,152,137,96,57,40,32,20,21,17
116.3894927,39.91869395,151621,13,11,11,10,11,17,32,81,327,722,1171,1443,1526,1486,1354,1129,743,320,114,66,40,31,22,14
116.3924178,39.91870931,151622,29,22,22,23,23,31,47,97,312,700,1099,1330,1405,1404,1353,1181,821,413,183,108,60,43,29,19
116.395343,39.9187246,151623,32,33,30,30,29,35,45,70,129,198,284,350,371,387,415,383,306,201,135,95,68,45,39,31
116.3982681,39.91873982,151624,351,354,357,358,357,361,374,414,462,502,532,548,556,553,566,558,544,490,445,411,388,372,370,362
116.4011933,39.91875496,151625,213,215,214,216,217,219,231,237,258,263,269,281,289,299,302,301,301,316,308,269,239,239,242,234
116.4041185,39.91877003,151626,367,366,368,377,383,389,399,432,436,450,461,474,475,467,451,445,471,475,450,438,428,413,387,356
116.4070436,39.91878502,151627,449,445,441,442,443,446,457,482,514,520,541,526,525,535,539,539,527,531,512,508,492,475,451,418
116.4099688,39.91879995,151628,368,354,348,349,351,356,381,391,437,458,465,469,480,509,477,463,477,486,483,469,449,417,403,392
116.4128939,39.91881479,151629,320,317,317,320,318,320,326,346,395,415,429,443,432,441,468,463,468,459,456,439,434,440,382,345
116.4158191,39.91882957,151630,272,273,273,270,274,277,278,284,290,281,263,248,234,240,239,236,244,250,263,270,267,260,260,259
116.4187443,39.91884427,151631,300,299,295,296,296,301,308,323,333,320,306,307,309,317,322,306,321,336,310,311,306,302,298,291
116.4216695,39.91885889,151632,716,715,718,726,738,762,769,780,788,792,750,756,751,760,722,720,706,699,718,718,750,754,756,744
116.4245946,39.91887345,151633,892,902,901,902,902,911,922,922,935,948,919,909,919,945,931,928,917,913,912,914,921,926,937,930
116.4275198,39.91888793,151634,237,230,228,229,228,229,231,237,260,289,303,308,327,330,337,337,317,307,300,293,272,260,252,251
116.3894727,39.9209463,152338,37,28,26,24,24,31,43,86,166,338,559,734,780,810,830,731,548,291,145,98,66,46,36,31
116.3923979,39.92096166,152339,32,29,28,28,27,33,41,93,145,271,410,512,544,509,516,493,404,273,154,97,71,57,42,38
116.3953232,39.92097696,152340,52,50,50,50,51,52,66,85,115,161,228,269,300,298,295,293,247,184,131,101,84,65,55,51
116.3982484,39.92099217,152341,521,525,526,526,526,529,536,553,594,581,601,611,595,597,589,596,579,557,545,541,541,536,525,508
116.4011737,39.92100732,152342,141,137,139,139,142,147,152,157,175,185,181,187,189,196,195,180,184,172,167,166,168,165,157,145
116.4040989,39.92102239,152343,761,758,755,756,752,754,777,818,856,853,852,860,878,854,815,793,831,835,876,867,844,840,772,700
116.4070242,39.92103739,152344,254,253,256,255,259,259,266,286,305,309,306,320,322,320,324,315,322,327,315,326,322,312,295,270
116.4099494,39.92105231,152345,370,369,368,372,372,372,385,406,452,467,475,478,508,526,526,547,503,500,496,489,478,448,422,399
116.4128747,39.92106716,152346,554,548,548,553,556,558,567,625,692,767,766,758,767,775,798,806,787,773,729,656,631,597,554,548
116.4158,39.92108193,152347,184,184,188,188,187,193,195,207,222,223,216,209,197,197,203,211,208,203,214,216,213,193,186,182
116.4187252,39.92109663,152348,789,786,788,796,796,798,820,832,912,855,813,771,756,762,764,757,754,775,785,755,761,779,807,820
116.4216505,39.92111126,152349,834,835,839,839,843,841,842,864,878,858,830,818,800,787,777,754,766,799,795,803,825,842,849,820
116.4245758,39.92112581,152350,1173,1173,1166,1155,1150,1162,1163,1207,1354,1418,1436,1467,1504,1526,1523,1513,1527,1521,1528,1482,1470,1455,1361,1285
116.4275011,39.92114029,152351,680,648,627,614,606,605,627,674,883,1042,1161,1238,1324,1357,1412,1423,1415,1373,1308,1160,1029,870,756,714
116.3953034,39.92322931,153057,229,230,238,239,238,241,232,244,252,273,294,312,337,336,350,342,344,318,272,268,255,262,261,250
116.3982287,39.92324453,153058,98,97,97,99,100,103,105,114,130,140,158,155,162,157,158,153,151,142,127,127,123,116,112,107
116.4011541,39.92325968,153059,269,266,267,267,268,268,279,288,302,317,325,331,314,333,333,342,343,329,306,287,274,276,273,278
116.4040794,39.92327475,153060,357,355,363,361,359,363,378,413,445,509,572,588,564,560,563,554,542,513,470,447,438,414,383,377
116.4070048,39.92328975,153061,178,178,179,179,178,178,188,212,227,250,277,288,286,278,258,263,269,262,249,244,237,204,183,179
116.4099301,39.92330467,153062,434,414,417,415,417,423,443,480,526,582,618,642,664,669,672,666,673,665,646,623,555,530,449,410
116.4128555,39.92331952,153063,310,304,306,304,303,308,316,330,347,372,396,419,435,424,420,412,394,398,386,388,384,364,342,322
116.4157808,39.9233343,153064,480,474,475,475,477,479,501,520,547,566,609,605,609,621,630,617,595,586,573,564,565,547,533,524
116.4187062,39.923349,153065,126,123,123,125,123,127,133,152,160,169,164,162,166,175,176,182,184,175,185,178,172,153,146,143
116.4216316,39.92336363,153066,231,227,228,229,229,231,238,262,288,293,293,298,286,280,274,274,283,278,264,255,260,246,232,232
116.4245569,39.92337818,153067,473,466,461,461,464,460,482,533,580,630,643,653,646,661,676,664,658,653,630,592,571,539,494,474
116.4274823,39.92339266,153068,378,345,341,340,339,353,385,438,482,527,525,557,570,566,586,587,595,623,576,533,473,455,425,398
116.3952835,39.92548167,153774,317,321,317,322,324,328,334,342,349,347,365,385,404,403,442,470,480,476,449,434,387,366,363,342
116.398209,39.92549689,153775,147,148,148,148,147,149,158,172,180,183,198,217,226,228,219,212,213,218,209,182,186,179,171,167
116.4011344,39.92551203,153776,577,574,575,578,582,584,589,589,597,591,590,624,626,628,632,622,603,599,587,590,584,592,591,581
116.4040599,39.92552711,153777,594,579,575,581,581,590,602,646,704,771,843,868,865,863,877,846,835,790,735,700,662,662,629,602
116.4069853,39.9255421,153778,135,136,137,132,131,133,137,157,171,175,171,181,187,193,189,184,186,191,193,178,173,157,146,129
116.4099108,39.92555703,153779,532,527,521,514,516,511,521,537,569,604,609,632,633,612,634,652,661,656,655,635,607,617,570,526
116.4128362,39.92557188,153780,398,402,407,407,406,406,412,434,443,455,438,444,441,447,457,445,433,445,452,458,456,438,431,422
116.4157617,39.92558666,153781,443,443,442,444,445,456,464,469,494,496,489,464,462,469,473,466,452,466,475,489,490,501,478,480
116.4186871,39.92560136,153782,632,624,626,627,628,637,640,669,689,679,657,649,649,663,664,654,665,693,724,705,694,706,703,691
116.4216126,39.92561599,153783,316,312,314,312,310,312,322,350,388,390,380,364,350,364,370,366,372,374,379,370,367,356,353,343
116.4245381,39.92563055,153784,522,523,521,522,521,522,530,547,574,580,577,578,581,569,579,584,598,584,572,572,584,575,561,543
116.4274635,39.92564503,153785,243,229,231,228,227,227,231,242,270,274,273,267,267,277,275,284,288,287,286,282,283,273,262,248
116.3923382,39.92771872,154490,174,171,172,172,174,175,176,184,186,215,256,278,281,290,304,311,302,290,258,217,194,187,180,180
116.3952637,39.92773402,154491,235,234,236,237,237,234,239,244,259,272,291,299,300,315,330,351,341,325,302,285,258,249,249,238
116.3981893,39.92774924,154492,256,255,255,254,255,260,259,268,275,278,286,273,270,265,266,288,294,297,308,304,285,284,279,277
116.4011148,39.92776439,154493,738,741,745,747,746,749,756,771,800,801,795,788,799,809,804,797,814,809,789,795,790,769,743,737
116.4040403,39.92777946,154494,641,624,626,626,622,630,637,684,715,701,713,739,733,727,720,696,695,704,708,696,692,677,653,634
116.4069659,39.92779446,154495,155,147,147,148,149,147,148,160,165,174,169,188,193,187,196,192,198,192,176,172,173,170,143,139
116.4098914,39.92780939,154496,551,540,531,528,536,531,523,528,533,518,497,501,503,508,522,540,549,566,559,561,555,561,546,525
116.412817,39.92782424,154497,903,899,904,900,900,905,903,920,919,933,914,938,941,945,943,939,960,996,1003,1014,994,992,975,941
116.4157425,39.92783902,154498,391,392,395,397,393,395,407,407,405,409,407,398,397,404,379,393,391,401,413,423,421,409,410,404
116.4186681,39.92785373,154499,441,442,444,448,448,453,461,476,484,491,478,490,493,498,481,482,494,496,517,503,502,489,485,480
116.4215937,39.92786836,154500,923,915,922,926,929,927,934,987,1012,1019,1001,970,953,944,928,945,953,951,969,980,962,982,970,972
116.4245192,39.92788291,154501,965,960,957,962,962,961,968,1013,1045,1054,1036,1021,1010,1002,993,1008,1006,1011,1018,1026,1033,1035,1030,1012
116.4274448,39.9278974,154502,274,262,260,257,255,255,266,296,318,325,338,342,352,364,374,347,354,362,353,337,336,322,306,284
116.4303703,39.92791181,154503,539,523,513,511,503,500,514,531,566,573,586,591,588,601,612,618,623,619,617,604,592,601,562,543
116.4332959,39.92792614,154504,1556,1542,1521,1503,1474,1464,1450,1476,1564,1617,1609,1598,1620,1619,1641,1638,1585,1571,1537,1498,1505,1516,1487,1469
116.4362215,39.9279404,154505,1769,1723,1581,1359,1139,909,751,651,632,659,651,658,666,683,695,696,753,780,826,862,904,934,982,1053
116.3923183,39.92997108,155207,234,230,231,228,228,230,234,239,271,302,323,325,326,353,357,337,332,304,289,254,244,234,235,227
116.3952439,39.92998637,155208,496,487,486,487,487,484,487,490,527,541,557,569,566,578,571,538,526,522,504,512,507,489,467,458
116.3981695,39.9300016,155209,211,207,205,208,208,214,219,234,245,258,266,271,278,285,286,289,295,264,258,250,239,233,222,219
116.4010952,39.93001674,155210,625,631,630,631,636,638,697,810,903,933,956,954,896,868,892,885,853,797,777,759,719,699,673,659
116.4040208,39.93003182,155211,939,919,917,918,919,921,942,986,1004,945,934,893,873,873,855,879,879,893,886,916,921,941,938,912
116.4069465,39.93004682,155212,346,335,337,336,336,338,348,358,365,357,360,347,347,369,367,373,367,384,382,365,356,351,352,354
116.4098721,39.93006175,155213,303,295,291,289,291,292,288,309,324,337,354,354,369,372,364,366,385,406,394,395,371,349,315,312
116.4127977,39.9300766,155214,621,613,616,617,615,618,623,644,660,647,636,636,630,636,641,630,633,650,676,690,684,690,674,668
116.4157234,39.93009138,155215,550,556,557,558,562,559,565,574,566,546,550,538,550,550,541,528,541,549,557,551,564,556,555,559
116.418649,39.93010609,155216,353,346,341,344,337,341,345,357,363,358,364,359,362,386,371,357,355,352,377,379,384,385,371,361
116.4215747,39.93012072,155217,683,676,673,671,672,674,683,728,766,783,781,765,761,753,747,762,767,767,770,748,736,724,716,705
116.4245003,39.93013528,155218,969,962,957,960,961,967,976,1042,1109,1134,1151,1132,1118,1115,1132,1130,1142,1109,1075,1063,1046,1021,1007,987
116.427426,39.93014976,155219,306,286,285,287,285,291,288,307,341,395,409,449,452,445,454,450,456,457,432,417,407,373,339,310
116.4303517,39.93016417,155220,846,821,808,790,766,776,794,838,930,1005,1012,1061,1070,1112,1105,1092,1090,1063,1025,973,927,916,845,820
116.4332773,39.93017851,155221,498,490,483,482,477,476,479,491,521,536,540,557,547,539,539,532,521,535,539,522,505,500,494,490
116.436203,39.93019277,155222,903,867,798,694,589,475,378,340,342,358,374,387,407,414,429,420,426,436,448,457,475,488,522,565
116.3922984,39.93222343,155924,438,430,426,420,421,426,447,480,566,644,718,759,800,825,840,847,839,811,731,676,619,539,490,441
116.3952241,39.93223872,155925,439,413,407,407,411,420,433,453,495,559,635,713,767,779,830,836,860,885,824,778,709,611,532,459
116.3981498,39.93225395,155926,262,249,247,249,251,253,254,284,327,361,401,427,458,482,509,531,529,501,462,415,361,317,285,271
116.4010755,39.9322691,155927,360,349,340,345,345,347,357,385,399,406,418,428,423,416,422,420,431,436,421,402,383,387,369,365
116.4040013,39.93228417,155928,361,353,351,353,354,362,377,400,405,397,381,375,363,375,371,374,379,387,386,391,378,355,346,350
116.406927,39.93229918,155929,390,379,380,380,379,380,387,403,418,405,395,387,378,403,400,401,397,385,378,383,386,393,393,394
116.4098528,39.93231411,155930,372,355,351,347,347,358,366,375,394,412,424,425,444,441,450,451,461,473,459,451,435,423,399,377
116.4127785,39.93232896,155931,113,108,104,102,101,102,106,103,112,124,122,118,129,134,127,127,129,135,144,140,132,108,99,101
116.4157042,39.93234374,155932,92,91,94,92,85,85,89,93,106,116,116,131,144,138,134,140,149,149,151,148,147,139,125,117
116.41863,39.93235845,155933,378,370,361,363,362,364,370,379,417,426,428,432,441,447,447,439,433,422,428,428,423,405,408,396
116.4215557,39.93237308,155934,250,237,240,241,238,243,246,256,279,289,306,326,331,348,336,329,316,327,334,318,303,282,265,253
116.4244815,39.93238764,155935,554,538,540,541,539,548,559,574,632,667,670,699,719,735,715,695,699,723,741,721,717,672,611,594
116.4274072,39.93240213,155936,357,348,343,341,337,340,352,398,467,533,546,589,609,632,638,635,632,629,609,559,533,476,394,366
116.430333,39.93241654,155937,506,490,486,483,489,500,516,537,570,584,598,621,642,646,673,664,644,622,633,624,606,597,529,507
116.4332587,39.93243088,155938,865,852,853,837,832,835,856,902,975,1005,1033,1059,1069,1081,1089,1072,1080,1095,1045,1012,982,977,901,889
116.4361845,39.93244514,155939,402,376,359,341,328,312,311,316,349,368,388,406,428,436,431,394,402,408,391,390,398,382,366,350
116.3922784,39.93447578,156641,378,342,332,322,316,317,331,358,378,473,598,726,837,927,1029,1070,1066,1028,922,790,678,560,457,380
116.3952043,39.93449108,156642,400,380,371,372,373,370,381,395,410,481,608,762,881,961,1015,1005,1026,1002,953,863,735,617,487,406
116.3981301,39.9345063,156643,484,464,456,453,455,454,458,460,482,519,583,651,698,766,821,826,817,821,796,728,646,583,523,479
116.4010559,39.93452145,156644,395,389,387,384,381,387,402,416,443,479,510,519,524,524,552,547,546,526,493,490,466,446,425,407
116.4039817,39.93453653,156645,221,210,204,205,207,208,211,223,227,240,235,240,252,260,261,244,236,241,236,233,231,224,228,223
116.4069076,39.93455153,156646,702,701,707,705,706,707,715,720,720,709,678,651,658,683,685,681,687,693,721,731,738,746,744,723
116.4098334,39.93456646,156647,363,363,357,353,355,358,358,358,367,374,364,368,377,375,358,373,392,397,398,391,385,389,377,377
116.4127592,39.93458132,156648,101,95,93,91,91,91,91,95,96,102,96,106,108,107,113,110,101,104,109,111,103,97,92,92
116.4156851,39.9345961,156649,102,101,99,99,97,99,100,114,116,133,140,144,141,140,132,131,141,147,137,132,127,123,110,113
116.4186109,39.93461081,156650,728,718,723,728,727,736,763,806,844,884,894,884,860,861,857,873,858,848,845,856,831,816,803,802
116.4215368,39.93462544,156651,480,479,473,472,474,477,492,541,596,626,643,651,659,659,656,632,628,615,594,595,576,558,520,501
116.4244626,39.93464,156652,715,710,706,712,707,704,710,762,825,863,872,891,928,923,886,877,856,854,872,843,834,804,749,743
116.4273885,39.93465449,156653,401,381,382,383,378,378,388,416,474,520,546,574,582,575,566,562,558,569,562,527,519,503,441,419
116.4303143,39.9346689,156654,689,676,674,674,677,679,685,731,772,799,833,852,890,908,911,903,875,876,862,836,813,802,754,735
116.4332402,39.93468324,156655,648,644,640,630,630,619,615,626,643,661,665,665,665,686,683,675,664,681,677,661,641,639,624,614
116.436166,39.93469751,156656,909,898,873,854,836,825,827,844,864,869,891,893,904,915,906,918,930,974,957,953,950,934,894,893
116.3922585,39.93672812,157358,580,548,523,512,510,508,514,524,526,563,653,778,906,1064,1166,1192,1223,1250,1244,1189,1065,883,711,594
116.3951844,39.93674343,157359,276,258,247,240,236,236,236,233,251,304,402,532,663,784,823,801,816,785,709,661,559,478,381,299
116.3981104,39.93675865,157360,245,235,226,213,211,208,213,227,242,285,368,479,596,685,720,743,759,745,689,624,507,404,317,249
116.4010363,39.9367738,157361,195,186,182,181,180,180,184,182,189,197,211,225,241,250,249,259,259,285,273,259,248,239,226,212
116.4039622,39.93678888,157362,230,228,222,214,214,209,207,214,240,259,254,258,264,270,278,291,298,307,302,288,286,268,249,245
116.4068881,39.93680389,157363,167,161,159,153,151,156,155,164,170,167,162,172,182,172,181,192,200,194,191,200,194,191,179,168
116.4098141,39.93681882,157364,693,675,669,665,664,664,677,692,706,729,699,694,710,719,725,719,719,750,750,756,756,737,713,701
116.41274,39.93683368,157365,606,592,590,585,578,581,583,584,591,565,530,546,569,583,565,533,543,566,611,653,653,659,643,611
116.4156659,39.93684846,157366,204,202,202,202,193,196,196,199,206,221,225,225,242,253,276,287,281,281,280,273,267,261,251,236
116.4185919,39.93686317,157367,331,320,316,313,310,316,326,346,356,372,377,368,366,368,389,388,396,371,361,353,341,337,335,323
116.4215178,39.9368778,157368,770,764,756,755,760,767,789,853,906,934,935,933,916,898,881,877,898,870,866,866,856,852,826,812
116.4244438,39.93689237,157369,694,686,685,686,686,692,705,759,831,862,868,879,881,895,906,885,876,882,887,872,843,800,779,749
116.4273697,39.93690685,157370,333,313,312,315,313,312,327,360,424,474,504,546,561,575,569,577,557,568,522,465,434,407,368,353
116.4302956,39.93692127,157371,1538,1541,1551,1552,1547,1548,1564,1631,1774,1847,1862,1807,1823,1823,1815,1786,1757,1731,1702,1673,1655,1657,1631,1589
116.4332216,39.93693561,157372,482,480,478,477,475,478,482,486,516,525,523,520,536,534,523,513,517,537,554,549,545,529,502,505
116.4361475,39.93694988,157373,529,526,515,505,502,502,503,514,523,501,487,490,506,505,489,484,497,511,531,538,527,516,509,511
116.3922386,39.93898047,158075,544,511,477,453,434,418,404,415,412,433,470,504,550,630,667,682,738,783,761,752,708,623,527,464
116.3951646,39.93899577,158076,613,588,542,492,459,443,430,427,436,464,482,558,604,694,738,751,760,754,744,741,673,620,543,470
116.3980906,39.939011,158077,761,737,705,685,667,661,661,667,669,667,731,800,862,938,959,952,989,1041,1052,1015,953,866,789,698
116.4010166,39.93902616,158078,899,853,831,819,811,810,823,817,833,869,879,908,957,1000,1017,1022,1044,1023,1010,988,975,952,890,835
116.4039427,39.93904124,158079,666,643,633,619,612,608,621,635,683,694,709,726,763,804,819,817,828,854,846,819,792,729,688,662
116.4068687,39.93905624,158080,1009,971,945,924,911,909,918,955,986,1030,1053,1112,1160,1188,1174,1203,1213,1215,1223,1227,1174,1098,1037,993
116.4097947,39.93907117,158081,969,895,823,766,742,741,736,742,768,797,806,851,915,980,983,967,977,1031,1119,1161,1140,1077,1001,930
116.4127207,39.93908603,158082,678,635,588,565,553,546,549,559,558,560,580,609,665,686,699,667,682,704,766,808,788,753,700,638
116.4156468,39.93910082,158083,586,554,522,499,491,485,478,492,497,496,503,525,539,552,550,535,523,544,582,601,627,622,617,583
116.4185728,39.93911553,158084,1113,1089,1073,1047,1037,1027,1023,1019,999,979,941,978,996,1004,990,965,984,1017,1064,1140,1169,1155,1134,1118
116.4214988,39.93913016,158085,861,830,823,803,799,800,804,823,869,910,922,960,983,1005,1012,983,960,964,998,1026,1025,987,916,868
116.4244249,39.93914473,158086,905,899,898,891,887,888,917,953,1024,1076,1144,1211,1255,1312,1313,1317,1326,1349,1344,1289,1195,1129,1036,976
116.4273509,39.93915922,158087,444,399,389,384,379,387,435,513,647,750,857,1064,1229,1334,1397,1460,1500,1439,1384,1262,1083,852,623,485
116.430277,39.93917363,158088,334,321,306,309,308,314,347,423,524,655,747,852,986,1004,981,1011,995,1022,957,832,687,551,409,347
116.433203,39.93918797,158089,500,489,490,490,493,498,501,512,544,594,647,701,747,746,724,706,748,738,767,732,678,627,578,565
116.4361291,39.93920224,158090,357,351,358,355,354,352,370,388,393,389,374,381,392,400,392,393,399,399,408,401,380,389,367,366
116.3892926,39.94121744,158791,341,313,301,296,295,292,293,304,326,333,340,361,397,431,417,409,433,437,429,411,407,381,340,308
116.3922187,39.94123282,158792,290,279,267,252,251,250,250,252,255,260,277,289,285,313,319,329,346,326,334,335,320,298,275,256
116.3951448,39.94124812,158793,689,669,661,641,639,632,623,636,627,625,639,650,674,699,720,734,743,759,767,759,759,728,699,694
116.3980709,39.94126335,158794,233,222,213,200,198,198,197,200,218,222,228,244,264,283,295,296,301,298,289,293,270,241,225,206
116.400997,39.94127851,158795,716,698,686,683,679,677,683,681,696,708,695,708,713,732,744,754,769,793,814,816,788,764,728,699
116.4039231,39.94129359,158796,288,280,272,267,269,268,272,283,305,312,334,341,357,367,359,372,385,367,355,347,329,310,292,279
116.4068492,39.94130859,158797,338,322,317,311,304,303,310,333,373,385,380,388,397,386,399,396,399,389,387,374,370,354,326,307
116.4097754,39.94132353,158798,841,787,762,754,737,696,684,673,698,746,782,853,924,930,940,892,891,914,972,1039,1024,932,850,798
116.4127015,39.94133839,158799,921,815,728,677,655,638,627,642,648,667,688,734,777,848,852,856,866,947,1076,1145,1138,1068,966,905
116.4156276,39.94135317,158800,1273,1158,1066,1006,987,964,951,942,930,923,922,954,962,977,961,951,980,1070,1219,1330,1357,1331,1278,1200
116.4185537,39.94136789,158801,847,818,778,760,753,752,757,772,774,786,803,785,782,808,832,834,844,868,920,946,940,901,836,810
116.4214799,39.94138252,158802,1379,1363,1355,1365,1360,1358,1374,1383,1384,1414,1373,1358,1367,1370,1344,1337,1337,1424,1483,1525,1527,1509,1469,1456
116.424406,39.94139709,158803,278,262,262,262,260,265,276,284,310,323,334,351,368,402,405,407,395,395,421,414,386,359,334,323
116.4273321,39.94141158,158804,324,294,290,283,277,289,326,382,441,483,521,625,667,683,701,705,725,725,688,610,511,443,395,349
116.4302583,39.94142599,158805,385,359,350,346,345,359,401,457,519,636,708,844,937,940,988,1036,1088,1003,932,847,699,591,494,415
116.4331844,39.94144034,158806,613,591,593,599,600,602,615,643,677,677,714,740,754,784,798,795,768,752,724,703,670,636,609,596
116.4361106,39.94145461,158807,547,533,531,530,531,522,523,536,557,581,600,601,633,632,616,620,614,597,601,591,582,581,563,566
116.4390367,39.9414688,158808,424,417,425,419,410,406,414,427,442,454,463,450,472,483,477,462,471,476,486,486,479,456,457,446
116.3892725,39.94346979,159508,331,319,320,322,325,326,335,349,369,383,401,425,435,450,431,430,405,401,398,404,388,370,350,333
116.3921987,39.94348517,159509,384,381,375,368,372,370,378,389,397,396,403,405,410,410,406,391,392,404,430,421,432,425,419,422
116.3951249,39.94350047,159510,592,569,562,553,552,550,556,556,554,539,523,514,520,524,523,532,539,563,583,584,593,606,589,582
116.3980511,39.9435157,159511,589,570,562,552,549,551,559,560,562,552,540,550,542,564,585,598,600,602,597,620,623,609,586,575
116.4009774,39.94353086,159512,928,913,909,907,907,910,922,956,978,955,950,927,932,944,961,980,1012,1014,1024,1042,1025,989,952,928
116.4039036,39.94354594,159513,300,288,280,277,276,276,275,283,306,328,348,362,367,382,401,384,382,359,357,341,323,292,280,265
116.4068298,39.94356095,159514,276,267,262,251,251,251,249,271,312,359,398,407,412,449,482,458,457,417,381,363,343,321,299,291
116.409756,39.94357588,159515,302,280,261,260,262,261,261,276,315,399,492,529,554,574,555,534,473,435,414,411,371,343,314,295
116.4126822,39.94359074,159516,219,214,193,186,184,189,188,191,199,223,250,264,270,270,283,284,279,262,251,250,248,235,218,204
116.4156085,39.94360553,159517,611,602,602,596,591,592,599,612,607,611,621,614,619,617,604,609,588,597,618,629,621,625,630,622
116.4185347,39.94362024,159518,877,868,867,865,867,869,876,893,890,879,867,853,861,839,835,817,819,826,857,874,895,900,899,904
116.4214609,39.94363488,159519,291,284,290,292,294,291,291,301,296,294,291,283,283,290,298,288,285,300,299,314,323,312,299,295
116.4243871,39.94364945,159520,178,174,176,174,174,173,176,181,192,193,202,198,203,207,197,188,186,201,208,211,206,200,197,191
116.4273134,39.94366394,159521,300,267,267,267,264,264,273,288,311,328,339,368,363,374,382,393,381,403,374,351,325,323,314,324
116.4302396,39.94367836,159522,169,159,156,154,155,158,170,181,187,189,187,200,206,205,210,212,229,225,220,219,201,195,180,183
116.4331658,39.9436927,159523,403,394,398,398,404,418,431,444,477,492,492,489,492,476,472,461,479,469,479,463,453,432,417,414
116.4360921,39.94370697,159524,586,590,589,589,594,601,607,613,628,619,617,609,610,632,623,624,636,649,655,646,631,619,602,592
116.4390183,39.94372117,159525,376,373,373,372,364,359,372,391,390,395,396,408,427,421,406,400,415,442,438,429,435,418,411,392
116.3892525,39.94572213,160225,444,427,422,424,424,431,435,454,474,487,474,464,465,498,494,488,478,482,491,491,470,464,453,450
116.3921788,39.94573751,160226,452,433,433,432,432,436,447,454,454,455,452,453,442,444,434,425,429,415,439,435,443,428,413,411
116.3951051,39.94575282,160227,678,650,640,642,634,634,645,665,691,690,714,709,732,747,750,734,761,776,747,713,696,704,683,663
116.3980314,39.94576805,160228,1098,1091,1087,1081,1092,1098,1126,1167,1211,1192,1184,1153,1145,1173,1209,1226,1265,1246,1222,1214,1203,1184,1175,1167
116.4009577,39.94578321,160229,716,699,701,695,697,707,713,734,747,749,753,760,777,756,756,792,802,806,815,799,808,794,789,786
116.403884,39.94579829,160230,387,379,376,374,372,372,374,376,394,401,418,457,505,525,537,545,519,488,474,466,473,458,429,429
116.4068103,39.9458133,160231,346,327,319,309,306,308,304,341,387,473,561,627,617,632,648,654,614,531,474,456,418,393,352,340
116.4097367,39.94582823,160232,341,319,307,304,301,301,309,348,480,731,976,1083,1118,1102,1090,1018,851,645,488,470,439,395,366,352
116.412663,39.9458431,160233,471,450,435,434,430,435,436,468,522,591,641,674,674,667,684,651,629,577,565,567,541,522,501,489
116.4155893,39.94585788,160234,354,343,339,336,335,334,342,367,400,443,460,467,446,422,406,431,431,420,415,417,401,389,380,373
116.4185156,39.9458726,160235,756,744,742,743,747,745,751,776,779,778,754,748,741,743,726,735,733,764,775,776,755,775,758,770
116.4214419,39.94588724,160236,389,393,397,394,393,391,393,398,393,366,364,357,367,373,365,371,370,380,394,406,411,408,415,415
116.4243683,39.9459018,160237,153,142,140,137,139,143,147,153,160,167,167,174,174,179,168,164,169,166,158,165,171,176,164,157
116.4272946,39.9459163,160238,213,193,190,188,187,187,192,210,216,221,221,222,227,213,212,211,221,221,225,204,212,193,194,192
116.4302209,39.94593072,160239,368,365,363,363,359,365,368,376,388,399,413,400,383,380,383,389,397,391,407,414,407,388,384,387
116.4331472,39.94594506,160240,342,340,344,346,348,348,355,376,388,379,375,359,355,350,344,355,366,358,368,368,376,368,349,349
116.3892325,39.94797448,160942,630,595,592,582,584,606,663,748,810,810,818,804,792,784,750,736,745,779,780,779,747,698,642,616
116.3921589,39.94798986,160943,436,403,400,399,395,401,429,448,464,487,506,491,493,509,486,463,467,459,475,481,466,449,423,428
116.3950853,39.94800516,160944,362,347,346,351,348,348,369,390,394,407,425,438,422,438,427,429,429,428,415,421,416,397,385,392
116.3980117,39.94802039,160945,254,231,224,225,222,223,225,239,258,265,273,270,274,281,278,297,301,309,311,295,282,279,261,255
116.4009381,39.94803555,160946,301,280,281,280,280,291,310,326,353,354,339,352,361,364,365,372,382,383,367,353,339,325,311,330
116.4038645,39.94805064,160947,189,169,169,169,167,171,180,188,195,210,242,247,258,251,271,257,251,242,238,234,213,201,188,190
116.4067909,39.94806565,160948,195,186,179,176,176,174,177,175,198,209,230,264,267,309,331,331,328,311,274,252,245,219,189,180
116.4097173,39.94808059,160949,388,357,341,332,323,324,331,368,438,670,907,1042,1051,1081,1101,1055,918,748,655,622,540,498,446,400
116.4126437,39.94809545,160950,361,341,338,336,331,334,343,376,414,441,499,546,540,538,564,533,517,506,471,460,443,423,404,389
116.4155701,39.94811024,160951,110,93,96,95,97,99,102,110,122,140,154,173,184,189,189,199,183,177,165,155,134,124,111,99
116.4184965,39.94812495,160952,435,409,410,411,414,412,418,433,504,610,679,705,713,674,607,581,570,567,548,491,487,454,418,403
116.421423,39.94813959,160953,255,249,250,248,244,240,244,253,265,274,262,257,270,264,256,256,257,262,266,265,259,263,261,266
116.4243494,39.94815416,160954,286,276,272,268,265,266,274,278,289,293,312,314,305,301,296,294,295,296,307,298,294,279,265,267
116.4272758,39.94816866,160955,281,269,268,264,262,268,275,278,290,303,315,310,327,331,327,331,328,323,309,302,311,306,309,289
116.4302022,39.94818308,160956,529,527,528,527,529,528,539,529,544,553,546,527,516,526,544,533,525,540,546,564,556,567,570,560
116.4331287,39.94819742,160957,529,519,517,518,523,525,533,543,564,568,566,561,558,563,580,583,580,574,552,555,556,560,544,555
116.3892124,39.95022682,161659,448,435,429,428,430,441,457,486,502,512,517,517,525,524,512,491,490,508,513,503,505,497,486,488
116.3921389,39.9502422,161660,1639,1647,1654,1660,1668,1666,1686,1706,1707,1669,1639,1622,1618,1574,1543,1525,1533,1584,1612,1643,1693,1723,1720,1716
116.3950654,39.95025751,161661,891,887,889,889,888,891,882,895,909,884,879,868,861,856,856,869,880,887,885,922,933,927,911,884
116.3979919,39.95027274,161662,221,220,220,218,219,222,230,243,253,255,260,278,269,272,280,293,291,297,281,264,263,264,256,247
116.4009184,39.9502879,161663,230,215,212,211,212,216,238,260,273,289,306,329,336,325,337,331,334,330,322,310,289,271,243,234
116.4038449,39.95030299,161664,280,281,278,280,281,293,365,422,438,433,431,424,430,436,441,437,463,452,384,336,328,338,320,314
116.4067714,39.950318,161665,90,89,87,93,89,89,91,97,110,116,135,145,139,145,142,147,142,142,140,133,130,121,127,118
116.4096979,39.95033294,161666,79,74,72,73,72,76,80,97,100,123,156,188,194,209,214,205,186,164,134,134,124,107,96,77
116.4126244,39.9503478,161667,267,247,232,228,220,217,217,241,264,311,372,413,428,445,447,441,408,404,413,491,539,516,467,322
116.415551,39.95036259,161668,166,158,157,159,158,159,160,170,207,250,277,296,303,322,331,337,338,317,277,256,248,222,198,172
116.4184775,39.95037731,161669,361,351,355,355,352,361,368,373,410,422,432,432,439,440,443,444,439,425,422,429,421,410,404,401
116.421404,39.95039195,161670,540,540,540,543,543,546,549,555,566,558,547,533,534,525,514,525,529,552,589,587,575,565,555,550
116.4301835,39.95043543,161673,454,456,458,455,462,466,465,467,465,471,473,466,456,477,481,462,464,478,491,473,474,464,465,465
116.3891924,39.95247916,162376,942,945,945,943,950,948,958,1004,1032,1023,992,945,965,956,965,966,954,957,987,1018,1033,1040,1039,1019
116.392119,39.95249454,162377,298,295,297,299,301,300,301,303,306,313,306,286,300,285,276,275,285,279,278,282,288,313,310,303
116.3950456,39.95250985,162378,199,201,203,205,206,206,207,217,221,232,258,264,255,259,251,246,255,247,244,236,231,226,223,222
116.3979722,39.95252509,162379,124,120,120,116,116,117,123,124,135,149,158,164,165,156,164,158,164,163,168,160,152,143,131,124
116.4008988,39.95254025,162380,774,773,767,753,745,758,784,856,908,967,1003,1031,1024,1021,1033,1016,993,1019,1023,975,945,896,846,805
116.4038254,39.95255533,162381,179,173,170,169,166,163,185,211,229,241,254,260,266,266,266,257,264,265,244,224,208,194,178,171
116.406752,39.95257035,162382,72,67,67,66,65,68,78,85,99,120,130,136,135,142,150,154,150,134,122,102,91,87,79,69
116.4096786,39.95258529,162383,68,70,70,70,67,73,80,97,107,136,152,158,157,162,186,195,191,164,138,109,94,93,84,67
116.4126052,39.95260015,162384,84,71,72,69,67,66,72,82,101,121,139,154,156,164,163,168,181,159,137,117,122,111,106,82
116.4155318,39.95261494,162385,852,851,846,851,848,855,868,882,886,886,903,908,901,904,916,888,894,878,877,879,889,901,906,877
116.4184584,39.95262966,162386,1510,1501,1509,1509,1505,1506,1496,1526,1551,1560,1557,1553,1576,1576,1558,1529,1536,1517,1527,1555,1559,1583,1573,1551
116.421385,39.9526443,162387,1065,1056,1050,1037,1034,1025,1022,1033,1068,1093,1114,1092,1054,1054,1053,1035,1039,1049,1032,1030,1079,1096,1087,1080
116.3891724,39.9547315,163093,410,412,409,409,406,405,410,432,437,431,404,377,384,384,384,375,357,369,387,378,383,394,418,412
116.3920991,39.95474688,163094,522,522,522,522,518,515,517,525,535,528,511,519,509,512,498,490,481,500,510,530,561,559,551,555
116.3950257,39.95476219,163095,285,290,289,289,290,289,295,297,311,303,304,298,296,304,307,308,307,308,300,300,310,319,314,307
116.3979524,39.95477743,163096,230,232,230,231,231,235,236,245,266,260,286,291,294,293,296,283,277,266,260,262,253,261,256,256
116.4008791,39.95479259,163097,673,676,663,670,678,683,710,766,785,836,888,890,893,886,887,884,879,858,842,834,815,785,757,739
116.4038058,39.95480768,163098,139,137,140,141,143,144,149,160,189,207,221,219,217,224,239,241,241,225,200,200,199,195,183,178
116.4067325,39.95482269,163099,329,324,328,332,333,337,339,359,373,381,381,389,393,407,420,451,463,455,456,441,453,453,450,438
116.4096592,39.95483763,163100,214,214,212,213,212,219,230,251,285,313,334,334,319,315,325,331,314,302,289,271,260,247,231,232
116.4125859,39.9548525,163101,369,371,372,373,372,376,386,403,422,440,443,455,441,452,435,429,421,426,428,434,433,418,404,389
116.4155126,39.95486729,163102,547,545,545,546,549,551,559,577,597,610,611,616,603,602,605,570,565,562,570,579,579,569,556,552
116.4184393,39.95488201,163103,430,421,414,413,417,424,428,456,480,507,526,514,523,529,539,530,521,519,501,473,475,474,465,464
116.421366,39.95489666,163104,331,331,330,330,330,334,344,352,373,379,377,365,376,372,366,356,369,361,353,350,356,362,344,355
116.3832988,39.95695285,163808,1257,1261,1261,1265,1266,1264,1271,1285,1267,1215,1154,1125,1125,1116,1132,1162,1191,1241,1254,1271,1320,1333,1346,1342
116.3862255,39.95696838,163809,152,148,149,151,151,153,157,168,169,166,153,155,156,158,150,155,155,167,173,174,172,168,162,154
116.3891523,39.95698384,163810,363,364,365,364,364,363,369,374,372,387,388,380,376,375,364,356,377,389,384,371,374,373,365,354
116.3920791,39.95699922,163811,192,189,189,188,190,190,198,200,206,190,178,175,176,176,165,173,179,185,182,186,188,195,186,191
116.3950059,39.95701454,163812,228,226,226,226,227,232,236,243,248,250,253,257,258,246,260,266,274,261,251,256,254,249,248,254
116.3979327,39.95702977,163813,493,492,494,497,495,493,497,516,556,653,653,624,612,619,631,629,628,628,641,624,617,577,501,490
116.4008595,39.95704494,163814,1479,1485,1496,1494,1495,1485,1505,1621,1690,1667,1652,1675,1649,1618,1630,1595,1585,1567,1567,1565,1598,1599,1594,1606
116.4037863,39.95706003,163815,527,525,527,530,532,536,550,564,573,554,549,561,571,577,568,550,562,574,579,577,581,571,555,555
116.406713,39.95707504,163816,465,469,472,475,477,481,480,502,514,522,535,540,530,510,516,506,505,515,542,536,526,527,529,532
116.4096398,39.95708998,163817,654,649,653,654,654,658,668,722,768,765,782,789,780,778,759,754,770,776,757,731,733,708,705,701
116.4125666,39.95710485,163818,602,598,598,597,597,605,623,691,789,865,900,963,967,975,955,951,898,886,831,781,741,705,664,626
116.4154934,39.95711964,163819,937,937,945,944,943,948,949,968,991,994,989,992,991,1014,1015,1000,1003,1007,1017,1003,1009,987,963,949
116.4184202,39.95713436,163820,1938,1937,1938,1939,1937,1944,1954,1994,2028,2037,2042,2021,2043,2019,1999,1990,1979,1998,2018,2000,1991,2028,2011,1982
116.421347,39.95714901,163821,284,282,285,285,282,283,290,303,319,309,312,320,317,313,292,288,289,302,312,304,303,300,293,298
116.4242738,39.95716358,163822,346,335,337,338,339,340,344,362,387,393,388,382,377,380,375,382,387,382,372,366,355,338,332,331
116.3832785,39.95920518,164525,293,296,295,294,294,296,299,307,307,291,278,275,277,272,263,260,277,304,314,323,311,318,310,307
116.3862054,39.95922072,164526,167,163,164,164,162,163,164,164,171,163,166,170,173,167,163,165,169,172,167,166,172,181,181,177
116.3891323,39.95923618,164527,280,279,277,277,280,281,293,309,327,335,325,310,303,304,309,318,321,317,315,320,306,315,301,290
116.3920592,39.95925156,164528,337,333,338,339,340,343,351,350,360,357,346,340,334,346,349,355,337,342,345,356,357,350,330,330
116.394986,39.95926688,164529,191,194,191,193,194,198,205,209,219,232,233,229,217,210,201,206,195,218,217,219,216,208,203,198
116.3979129,39.95928212,164530,165,163,162,164,166,167,173,179,181,187,189,192,179,176,185,188,189,187,179,182,190,179,172,178
116.4008398,39.95929728,164531,466,467,466,462,462,462,467,484,508,510,514,509,510,537,550,552,546,559,565,568,564,570,540,526
116.4037667,39.95931237,164532,407,414,411,405,403,404,410,424,442,443,434,424,432,431,420,412,404,420,419,426,432,438,434,424
116.4066936,39.95932739,164533,746,744,745,745,747,749,763,805,832,823,806,815,812,805,803,819,841,784,796,794,798,810,796,789
116.4096205,39.95934233,164534,312,307,305,306,303,308,322,358,378,383,389,376,381,380,381,376,360,376,368,352,340,344,350,337
116.4125474,39.9593572,164535,492,493,491,491,493,488,491,500,499,525,520,520,519,523,539,551,547,534,544,546,543,538,524,518
116.4154743,39.95937199,164536,688,692,690,688,693,695,702,710,715,713,691,688,705,704,695,685,687,697,701,689,701,702,688,670
116.4184012,39.95938672,164537,708,713,718,719,715,720,724,725,750,780,769,782,772,774,757,762,769,766,748,765,749,751,738,728
116.3861853,39.96147305,165243,416,414,413,414,409,408,415,433,449,465,447,436,441,436,434,420,446,469,464,452,457,448,437,428
116.3891122,39.96148852,165244,621,615,612,613,613,612,620,647,677,653,645,648,639,625,624,630,619,653,642,634,640,640,632,624
116.4037471,39.96156471,165249,592,596,600,598,597,599,605,612,606,602,583,576,593,595,583,587,617,608,619,622,622,612,595,587
116.4066741,39.96157973,165250,466,465,466,468,467,466,473,486,498,485,494,502,513,488,480,464,469,477,484,478,472,468,472,477
116.4037276,39.96381706,165966,857,856,864,866,875,873,878,892,918,926,922,924,913,932,916,923,930,937,951,951,944,934,916,902
116.403708,39.9660694,166683,567,545,530,526,525,526,546,584,658,736,787,835,865,907,876,858,880,912,912,840,771,695,611,535
116.4036884,39.96832174,167400,426,404,398,395,392,393,420,466,547,603,633,673,692,718,731,723,730,723,704,659,611,544,487,435
116.4056884,39.94932174,167400,5000,5000,5000,5000,5000,5000,5000,5000,5000,5000,5000,5000,5000,5000,5000,5000,5000,5000,5000,5000,5000,5000,5000,5000
116.3856884,39.96032174,167400,100,100,100,100,100,100,100,100,100,100,100,100,100,100,100,100,100,100,100,100,100,100,100,100
